,NAME,LABEL
0,0,MP
1,256,MP
2,512,MP
3,768,MP
4,1024,MP
5,1280,MP
6,1536,MP
7,1792,MP
8,2048,MP
9,2304,MP
10,2560,MP
11,2816,MP
12,3072,MP
13,3328,MP
14,3584,MP
15,3840,MP
16,4096,MP
17,4352,MP
18,4608,MP
19,4864,MP
20,5120,MP
21,5376,MP
22,5632,MP
23,5888,MP
24,6144,MP
25,6400,MP
26,6656,MP
27,6912,MP
28,7168,MP
29,7424,MP
30,7680,MP
31,7936,MP
32,8192,MP
33,8448,MP
34,8704,MP
35,8960,MP
36,9216,MP
37,9472,MP
38,9728,MP
39,9984,MP
40,10240,MP
41,10496,MP
42,10752,MP
43,11008,MP
44,11264,MP
45,11520,MP
46,11776,MP
47,12032,MP
48,12288,MP
49,12544,MP
50,12800,MP
51,13056,MP
52,13312,MP
53,13568,MP
54,13824,MP
55,14080,MP
56,14336,MP
57,14592,MP
58,14848,MP
59,15104,MP
60,15360,MP
61,15616,MP
62,15872,MP
63,16128,MP
64,16384,MP
65,16640,MP
66,16896,MP
67,17152,MP
68,17408,MP
69,17664,MP
70,17920,MP
71,18176,MP
72,18432,MP
73,18688,MP
74,18944,MP
75,19200,MP
76,19456,MP
77,19712,MP
78,19968,MP
79,20224,MP
80,20480,MP
81,20736,MP
82,20992,MP
83,21248,MP
84,21504,MP
85,21760,MP
86,22016,MP
87,22272,MP
88,22528,MP
89,22784,MP
90,23040,MP
91,23296,MP
92,23552,MP
93,23808,MP
94,24064,MP
95,24320,MP
96,24576,MP
97,24832,MP
98,25088,MP
99,25344,MP
100,25600,MP
101,25856,MP
102,26112,MP
103,26368,MP
104,26624,MP
105,26880,MP
106,27136,MP
107,27392,MP
108,27648,MP
109,27904,MP
110,28160,MP
111,28416,MP
112,28672,MP
113,28928,MP
114,29184,MP
115,29440,MP
116,29696,MP
117,29952,MP
118,30208,MP
119,30464,MP
120,30720,MP
121,30976,MP
122,31232,MP
123,31488,MP
124,31744,MP
125,32000,MP
126,32256,MP
127,32512,MP
128,32768,MP
129,33024,MP
130,33280,MP
131,33536,MP
132,33792,MP
133,34048,MP
134,34304,MP
135,34560,MP
136,34816,MP
137,35072,MP
138,35328,MP
139,35584,MP
140,35840,MP
141,36096,MP
142,36352,MP
143,36608,MP
144,36864,MP
145,37120,MP
146,37376,MP
147,37632,MP
148,37888,MP
149,38144,MP
150,38400,MP
151,38656,MP
152,38912,MP
153,39168,MP
154,39424,MP
155,39680,MP
156,39936,MP
157,40192,MP
158,40448,MP
159,40704,MP
160,40960,MP
161,41216,MP
162,41472,MP
163,41728,MP
164,41984,MP
165,42240,MP
166,42496,MP
167,42752,MP
168,43008,MP
169,43264,MP
170,43520,MP
171,43776,MP
172,44032,MP
173,44288,MP
174,44544,MP
175,44800,MP
176,45056,MP
177,45312,MP
178,45568,MP
179,45824,MP
180,46080,MP
181,46336,MP
182,46592,MP
183,46848,MP
184,47104,MP
185,47360,MP
186,47616,MP
187,47872,MP
188,48128,MP
189,48384,MP
190,48640,MP
191,48896,MP
192,49152,MP
193,49408,MP
194,49664,MP
195,49920,MP
196,50176,MP
197,50432,MP
198,50688,MP
199,50944,MP
200,51200,MP
201,51456,MP
202,51712,MP
203,51968,MP
204,52224,MP
205,52480,MP
206,52736,MP
207,52992,MP
208,53248,MP
209,53504,MP
210,53760,MP
211,54016,MP
212,54272,MP
213,54528,MP
214,54784,MP
215,55040,MP
216,55296,MP
217,55552,MP
218,55808,MP
219,56064,MP
220,56320,MP
221,56576,MP
222,56832,MP
223,57088,MP
224,57344,MP
225,57600,MP
226,57856,MP
227,58112,MP
228,58368,MP
229,58624,MP
230,58880,MP
231,59136,MP
232,59392,MP
233,59648,MP
234,59904,MP
235,60160,MP
236,60416,MP
237,60672,MP
238,60928,MP
239,61184,MP
240,61440,MP
241,61696,MP
242,61952,MP
243,62208,MP
244,62464,MP
245,62720,MP
246,62976,MP
247,63232,MP
248,63488,MP
249,63744,MP
250,64000,MP
251,64256,MP
252,64512,MP
253,64768,MP
254,65024,MP
255,65280,MP
256,65536,MP
257,65792,MP
258,66048,MP
259,66304,MP
260,66560,MP
261,66816,MP
262,67072,MP
263,67328,MP
264,67584,MP
265,67840,MP
266,68096,MP
267,68352,MP
268,68608,MP
269,68864,MP
270,69120,MP
271,69376,MP
272,69632,MP
273,69888,MP
274,70144,MP
275,70400,MP
276,70656,MP
277,70912,MP
278,71168,MP
279,71424,MP
280,71680,MP
281,71936,MP
282,72192,MP
283,72448,MP
284,72704,MP
285,72960,MP
286,73216,MP
287,73472,MP
288,73728,MP
289,73984,MP
290,74240,MP
291,74496,MP
292,74752,MP
293,75008,MP
294,75264,MP
295,75520,MP
296,75776,MP
297,76032,MP
298,76288,MP
299,76544,MP
300,76800,MP
301,77056,MP
302,77312,MP
303,77568,MP
304,77824,MP
305,78080,MP
306,78336,MP
307,78592,MP
308,78848,MP
309,79104,MP
310,79360,MP
311,79616,MP
312,79872,MP
313,80128,MP
314,80384,MP
315,80640,MP
316,80896,MP
317,81152,MP
318,81408,MP
319,81664,MP
320,81920,MP
321,82176,MP
322,82432,MP
323,82688,MP
324,82944,MP
325,83200,MP
326,83456,MP
327,83712,MP
328,83968,MP
329,84224,MP
330,84480,MP
331,84736,MP
332,84992,MP
333,85248,MP
334,85504,MP
335,85760,MP
336,86016,MP
337,86272,MP
338,86528,MP
339,86784,MP
340,87040,MP
341,87296,MP
342,87552,MP
343,87808,MP
344,88064,MP
345,88320,MP
346,88576,MP
347,88832,MP
348,89088,MP
349,89344,MP
350,89600,MP
351,89856,MP
352,90112,MP
353,90368,MP
354,90624,MP
355,90880,MP
356,91136,MP
357,91392,MP
358,91648,MP
359,91904,MP
360,92160,MP
361,92416,MP
362,92672,MP
363,92928,MP
364,93184,MP
365,93440,MP
366,93696,MP
367,93952,MP
368,94208,MP
369,94464,MP
370,94720,MP
371,94976,MP
372,95232,MP
373,95488,MP
374,95744,MP
375,96000,MP
376,96256,MP
377,96512,MP
378,96768,MP
379,97024,MP
380,97280,MP
381,97536,MP
382,97792,MP
383,98048,MP
384,98304,MP
385,98560,MP
386,98816,MP
387,99072,MP
388,99328,MP
389,99584,MP
390,99840,MP
391,100096,MP
392,100352,MP
393,100608,MP
394,100864,MP
395,101120,MP
396,101376,MP
397,101632,MP
398,101888,MP
399,102144,MP
400,102400,MP
401,102656,MP
402,102912,MP
403,103168,MP
404,103424,MP
405,103680,MP
406,103936,MP
407,104192,MP
408,104448,MP
409,104704,MP
410,104960,MP
411,105216,MP
412,105472,MP
413,105728,MP
414,105984,MP
415,106240,MP
416,106496,MP
417,106752,MP
418,107008,MP
419,107264,MP
420,107520,MP
421,107776,MP
422,108032,MP
423,108288,MP
424,108544,MP
425,108800,MP
426,109056,MP
427,109312,MP
428,109568,MP
429,109824,MP
430,110080,MP
431,110336,MP
432,110592,MP
433,110848,MP
434,111104,MP
435,111360,MP
436,111616,MP
437,111872,MP
438,112128,MP
439,112384,MP
440,112640,MP
441,112896,MP
442,113152,MP
443,113408,MP
444,113664,MP
445,113920,MP
446,114176,MP
447,114432,MP
448,114688,MP
449,114944,MP
450,115200,MP
451,115456,MP
452,115712,MP
453,115968,MP
454,116224,MP
455,116480,MP
456,116736,MP
457,116992,MP
458,117248,MP
459,117504,MP
460,117760,MP
461,118016,MP
462,118272,MP
463,118528,MP
464,118784,MP
465,119040,MP
466,119296,MP
467,119552,MP
468,119808,MP
469,120064,MP
470,120320,MP
471,120576,MP
472,120832,MP
473,121088,MP
474,121344,MP
475,121600,MP
476,121856,MP
477,122112,MP
478,122368,MP
479,122624,MP
480,122880,MP
481,123136,MP
482,123392,MP
483,123648,MP
484,123904,False
485,124160,False
486,124416,False
487,124672,False
488,124928,False
489,125184,False
490,125440,False
491,125696,False
492,125952,False
493,126208,False
494,126464,False
495,126720,False
496,126976,False
497,127232,False
498,127488,False
499,127744,False
500,128000,False
501,128256,False
502,128512,False
503,128768,False
504,129024,False
505,129280,False
506,129536,False
507,129792,False
508,130048,False
509,130304,False
510,130560,False
511,130816,False
512,131072,False
513,131328,False
514,131584,False
515,131840,MP
516,132096,MP
517,132352,MP
518,132608,MP
519,132864,MP
520,133120,MP
521,133376,MP
522,133632,MP
523,133888,MP
524,134144,MP
525,134400,MP
526,134656,MP
527,134912,MP
528,135168,MP
529,135424,MP
530,135680,MP
531,135936,MP
532,136192,MP
533,136448,MP
534,136704,MP
535,136960,MP
536,137216,MP
537,137472,MP
538,137728,MP
539,137984,MP
540,138240,MP
541,138496,MP
542,138752,MP
543,139008,MP
544,139264,MP
545,139520,MP
546,139776,MP
547,140032,MP
548,140288,MP
549,140544,MP
550,140800,MP
551,141056,MP
552,141312,MP
553,141568,MP
554,141824,MP
555,142080,MP
556,142336,MP
557,142592,MP
558,142848,MP
559,143104,MP
560,143360,MP
561,143616,False
562,143872,False
563,144128,False
564,144384,False
565,144640,False
566,144896,False
567,145152,False
568,145408,False
569,145664,False
570,145920,False
571,146176,False
572,146432,False
573,146688,False
574,146944,False
575,147200,False
576,147456,False
577,147712,False
578,147968,False
579,148224,False
580,148480,False
581,148736,False
582,148992,False
583,149248,False
584,149504,False
585,149760,False
586,150016,False
587,150272,False
588,150528,False
589,150784,False
590,151040,False
591,151296,False
592,151552,False
593,151808,False
594,152064,False
595,152320,False
596,152576,False
597,152832,False
598,153088,False
599,153344,False
600,153600,False
601,153856,False
602,154112,False
603,154368,False
604,154624,False
605,154880,False
606,155136,False
607,155392,False
608,155648,False
609,155904,False
610,156160,False
611,156416,False
612,156672,False
613,156928,False
614,157184,False
615,157440,False
616,157696,False
617,157952,False
618,158208,False
619,158464,False
620,158720,False
621,158976,False
622,159232,CSCb
623,159488,CSCb
624,159744,CSCb
625,160000,CSCb
626,160256,CSCb
627,160512,CSCb
628,160768,CSCb
629,161024,False
630,161280,False
631,161536,False
632,161792,False
633,162048,False
634,162304,False
635,162560,False
636,162816,False
637,163072,False
638,163328,False
639,163584,False
640,163840,False
641,164096,False
642,164352,False
643,164608,False
644,164864,False
645,165120,False
646,165376,False
647,165632,False
648,165888,False
649,166144,False
650,166400,False
651,166656,False
652,166912,False
653,167168,False
654,167424,False
655,167680,False
656,167936,False
657,168192,False
658,168448,False
659,168704,CSCb
660,168960,CSCb
661,169216,CSCb
662,169472,CSCb
663,169728,False
664,169984,False
665,170240,False
666,170496,False
667,170752,False
668,171008,False
669,171264,False
670,171520,False
671,171776,False
672,172032,False
673,172288,False
674,172544,CSCb
675,172800,CSCb
676,173056,CSCb
677,173312,CSCb
678,173568,CSCb
679,173824,False
680,174080,False
681,174336,False
682,174592,False
683,174848,False
684,175104,False
685,175360,False
686,175616,False
687,175872,False
688,176128,False
689,176384,False
690,176640,False
691,176896,False
692,177152,False
693,177408,False
694,177664,False
695,177920,False
696,178176,False
697,178432,False
698,178688,False
699,178944,False
700,179200,False
701,179456,False
702,179712,False
703,179968,False
704,180224,False
705,180480,False
706,180736,False
707,180992,False
708,181248,False
709,181504,False
710,181760,False
711,182016,False
712,182272,False
713,182528,False
714,182784,False
715,183040,False
716,183296,False
717,183552,False
718,183808,False
719,184064,False
720,184320,False
721,184576,False
722,184832,False
723,185088,False
724,185344,False
725,185600,False
726,185856,False
727,186112,False
728,186368,False
729,186624,False
730,186880,False
731,187136,False
732,187392,False
733,187648,False
734,187904,False
735,188160,False
736,188416,False
737,188672,False
738,188928,False
739,189184,False
740,189440,False
741,189696,False
742,189952,False
743,190208,False
744,190464,False
745,190720,False
746,190976,False
747,191232,False
748,191488,False
749,191744,False
750,192000,False
751,192256,False
752,192512,False
753,192768,False
754,193024,False
755,193280,False
756,193536,False
757,193792,False
758,194048,False
759,194304,False
760,194560,False
761,194816,False
762,195072,False
763,195328,False
764,195584,False
765,195840,False
766,196096,False
767,196352,False
768,196608,False
769,196864,False
770,197120,False
771,197376,False
772,197632,False
773,197888,False
774,198144,False
775,198400,False
776,198656,False
777,198912,False
778,199168,False
779,199424,False
780,199680,False
781,199936,False
782,200192,False
783,200448,False
784,200704,False
785,200960,False
786,201216,False
787,201472,False
788,201728,False
789,201984,False
790,202240,False
791,202496,False
792,202752,False
793,203008,False
794,203264,False
795,203520,False
796,203776,False
797,204032,False
798,204288,False
799,204544,False
800,204800,False
801,205056,False
802,205312,False
803,205568,False
804,205824,False
805,206080,False
806,206336,False
807,206592,False
808,206848,False
809,207104,False
810,207360,False
811,207616,False
812,207872,False
813,208128,False
814,208384,False
815,208640,False
816,208896,False
817,209152,False
818,209408,False
819,209664,False
820,209920,False
821,210176,False
822,210432,False
823,210688,False
824,210944,False
825,211200,False
826,211456,False
827,211712,False
828,211968,False
829,212224,False
830,212480,False
831,212736,False
832,212992,False
833,213248,False
834,213504,False
835,213760,False
836,214016,False
837,214272,False
838,214528,False
839,214784,False
840,215040,False
841,215296,False
842,215552,False
843,215808,False
844,216064,False
845,216320,False
846,216576,False
847,216832,False
848,217088,False
849,217344,False
850,217600,False
851,217856,False
852,218112,False
853,218368,False
854,218624,False
855,218880,False
856,219136,False
857,219392,False
858,219648,False
859,219904,False
860,220160,False
861,220416,False
862,220672,False
863,220928,False
864,221184,False
865,221440,False
866,221696,False
867,221952,False
868,222208,False
869,222464,False
870,222720,False
871,222976,False
872,223232,False
873,223488,False
874,223744,False
875,224000,False
876,224256,False
877,224512,False
878,224768,False
879,225024,False
880,225280,False
881,225536,False
882,225792,False
883,226048,False
884,226304,False
885,226560,False
886,226816,False
887,227072,False
888,227328,False
889,227584,False
890,227840,False
891,228096,False
892,228352,False
893,228608,False
894,228864,False
895,229120,False
896,229376,False
897,229632,False
898,229888,False
899,230144,False
900,230400,False
901,230656,False
902,230912,False
903,231168,False
904,231424,False
905,231680,False
906,231936,False
907,232192,False
908,232448,False
909,232704,False
910,232960,False
911,233216,False
912,233472,False
913,233728,False
914,233984,False
915,234240,False
916,234496,False
917,234752,False
918,235008,False
919,235264,False
920,235520,False
921,235776,False
922,236032,False
923,236288,False
924,236544,False
925,236800,False
926,237056,False
927,237312,False
928,237568,False
929,237824,False
930,238080,False
931,238336,False
932,238592,False
933,238848,False
934,239104,False
935,239360,False
936,239616,False
937,239872,False
938,240128,False
939,240384,False
940,240640,False
941,240896,False
942,241152,False
943,241408,False
944,241664,False
945,241920,False
946,242176,False
947,242432,False
948,242688,False
949,242944,False
950,243200,False
951,243456,False
952,243712,False
953,243968,False
954,244224,False
955,244480,False
956,244736,False
957,244992,False
958,245248,False
959,245504,False
960,245760,False
961,246016,False
962,246272,False
963,246528,False
964,246784,False
965,247040,False
966,247296,False
967,247552,False
968,247808,False
969,248064,False
970,248320,False
971,248576,False
972,248832,False
973,249088,False
974,249344,False
975,249600,False
976,249856,False
977,250112,False
978,250368,False
979,250624,False
980,250880,False
981,251136,False
982,251392,False
983,251648,False
984,251904,False
985,252160,False
986,252416,False
987,252672,False
988,252928,False
989,253184,False
990,253440,False
991,253696,False
992,253952,False
993,254208,False
994,254464,False
995,254720,False
996,254976,False
997,255232,False
998,255488,False
999,255744,False
1000,256000,False
1001,256256,False
1002,256512,False
1003,256768,False
1004,257024,False
1005,257280,False
1006,257536,False
1007,257792,False
1008,258048,False
1009,258304,False
1010,258560,False
1011,258816,False
1012,259072,False
1013,259328,False
1014,259584,False
1015,259840,False
1016,260096,False
1017,260352,False
1018,260608,False
1019,260864,False
1020,261120,False
1021,261376,False
1022,261632,False
1023,261888,False
1024,262144,False
1025,262400,False
1026,262656,False
1027,262912,False
1028,263168,False
1029,263424,False
1030,263680,False
1031,263936,False
1032,264192,False
1033,264448,False
1034,264704,False
1035,264960,False
1036,265216,False
1037,265472,False
1038,265728,False
1039,265984,False
1040,266240,False
1041,266496,False
1042,266752,False
1043,267008,False
1044,267264,False
1045,267520,False
1046,267776,False
1047,268032,False
1048,268288,False
1049,268544,False
1050,268800,False
1051,269056,False
1052,269312,False
1053,269568,False
1054,269824,False
1055,270080,False
1056,270336,False
1057,270592,False
1058,270848,False
1059,271104,False
1060,271360,False
1061,271616,False
1062,271872,False
1063,272128,False
1064,272384,CSCb
1065,272640,CSCb
1066,272896,CSCb
1067,273152,CSCb
1068,273408,CSCb
1069,273664,CSCb
1070,273920,CSCb
1071,274176,CSCb
1072,274432,CSCb
1073,274688,CSCb
1074,274944,False
1075,275200,False
1076,275456,False
1077,275712,False
1078,275968,CSCb
1079,276224,CSCb
1080,276480,CSCb
1081,276736,CSCb
1082,276992,CSCb
1083,277248,False
1084,277504,False
1085,277760,False
1086,278016,False
1087,278272,False
1088,278528,False
1089,278784,False
1090,279040,False
1091,279296,False
1092,279552,False
1093,279808,False
1094,280064,False
1095,280320,False
1096,280576,False
1097,280832,False
1098,281088,CSCb
1099,281344,CSCb
1100,281600,CSCb
1101,281856,CSCb
1102,282112,CSCb
1103,282368,False
1104,282624,False
1105,282880,False
1106,283136,False
1107,283392,False
1108,283648,False
1109,283904,False
1110,284160,False
1111,284416,False
1112,284672,False
1113,284928,False
1114,285184,False
1115,285440,False
1116,285696,False
1117,285952,False
1118,286208,False
1119,286464,False
1120,286720,False
1121,286976,False
1122,287232,False
1123,287488,False
1124,287744,False
1125,288000,False
1126,288256,False
1127,288512,False
1128,288768,False
1129,289024,False
1130,289280,False
1131,289536,False
1132,289792,False
1133,290048,False
1134,290304,False
1135,290560,CSCb
1136,290816,CSCb
1137,291072,CSCb
1138,291328,CSCb
1139,291584,CSCb
1140,291840,CSCb
1141,292096,CSCb
1142,292352,CSCb
1143,292608,CSCb
1144,292864,False
1145,293120,False
1146,293376,False
1147,293632,False
1148,293888,False
1149,294144,False
1150,294400,False
1151,294656,False
1152,294912,False
1153,295168,False
1154,295424,CSCb
1155,295680,CSCb
1156,295936,CSCb
1157,296192,CSCb
1158,296448,CSCb
1159,296704,CSCb
1160,296960,False
1161,297216,False
1162,297472,False
1163,297728,False
1164,297984,False
1165,298240,False
1166,298496,False
1167,298752,False
1168,299008,False
1169,299264,False
1170,299520,False
1171,299776,False
1172,300032,False
1173,300288,False
1174,300544,False
1175,300800,CSCb
1176,301056,CSCb
1177,301312,CSCb
1178,301568,CSCb
1179,301824,CSCb
1180,302080,CSCb
1181,302336,CSCb
1182,302592,CSCb
1183,302848,CSCb
1184,303104,CSCb
1185,303360,CSCb
1186,303616,CSCb
1187,303872,CSCb
1188,304128,CSCb
1189,304384,CSCb
1190,304640,CSCb
1191,304896,CSCb
1192,305152,CSCb
1193,305408,False
1194,305664,False
1195,305920,False
1196,306176,False
1197,306432,False
1198,306688,False
1199,306944,False
1200,307200,False
1201,307456,False
1202,307712,False
1203,307968,CSCb
1204,308224,CSCb
1205,308480,CSCb
1206,308736,CSCb
1207,308992,CSCb
1208,309248,False
1209,309504,False
1210,309760,False
1211,310016,False
1212,310272,False
1213,310528,False
1214,310784,False
1215,311040,False
1216,311296,False
1217,311552,False
1218,311808,False
1219,312064,False
1220,312320,False
1221,312576,False
1222,312832,CSCb
1223,313088,CSCb
1224,313344,CSCb
1225,313600,CSCb
1226,313856,CSCb
1227,314112,CSCb
1228,314368,CSCb
1229,314624,False
1230,314880,False
1231,315136,False
1232,315392,False
1233,315648,False
1234,315904,False
1235,316160,CSCb
1236,316416,CSCb
1237,316672,CSCb
1238,316928,CSCb
1239,317184,CSCb
1240,317440,CSCb
1241,317696,CSCb
1242,317952,CSCb
1243,318208,CSCb
1244,318464,CSCb
1245,318720,CSCb
1246,318976,CSCb
1247,319232,CSCb
1248,319488,CSCb
1249,319744,CSCb
1250,320000,CSCb
1251,320256,False
1252,320512,False
1253,320768,False
1254,321024,False
1255,321280,False
1256,321536,False
1257,321792,False
1258,322048,False
1259,322304,CSCb
1260,322560,CSCb
1261,322816,CSCb
1262,323072,CSCb
1263,323328,CSCb
1264,323584,CSCb
1265,323840,CSCb
1266,324096,CSCb
1267,324352,CSCb
1268,324608,CSCb
1269,324864,CSCb
1270,325120,CSCb
1271,325376,False
1272,325632,False
1273,325888,False
1274,326144,False
1275,326400,False
1276,326656,False
1277,326912,False
1278,327168,False
1279,327424,False
1280,327680,False
1281,327936,False
1282,328192,False
1283,328448,False
1284,328704,False
1285,328960,False
1286,329216,False
1287,329472,False
1288,329728,False
1289,329984,CSCb
1290,330240,CSCb
1291,330496,CSCb
1292,330752,CSCb
1293,331008,CSCb
1294,331264,CSCb
1295,331520,CSCb
1296,331776,CSCb
1297,332032,CSCb
1298,332288,CSCb
1299,332544,CSCb
1300,332800,CSCb
1301,333056,CSCb
1302,333312,CSCb
1303,333568,CSCb
1304,333824,CSCb
1305,334080,CSCb
1306,334336,CSCb
1307,334592,CSCb
1308,334848,CSCb
1309,335104,CSCb
1310,335360,False
1311,335616,False
1312,335872,False
1313,336128,False
1314,336384,False
1315,336640,False
1316,336896,False
1317,337152,False
1318,337408,False
1319,337664,False
1320,337920,False
1321,338176,CSCb
1322,338432,CSCb
1323,338688,CSCb
1324,338944,CSCb
1325,339200,CSCb
1326,339456,CSCb
1327,339712,CSCb
1328,339968,CSCb
1329,340224,CSCb
1330,340480,CSCb
1331,340736,CSCb
1332,340992,CSCb
1333,341248,CSCb
1334,341504,CSCb
1335,341760,CSCb
1336,342016,CSCb
1337,342272,CSCb
1338,342528,False
1339,342784,False
1340,343040,False
1341,343296,False
1342,343552,False
1343,343808,False
1344,344064,False
1345,344320,False
1346,344576,False
1347,344832,False
1348,345088,False
1349,345344,False
1350,345600,False
1351,345856,False
1352,346112,False
1353,346368,False
1354,346624,False
1355,346880,False
1356,347136,False
1357,347392,False
1358,347648,False
1359,347904,False
1360,348160,False
1361,348416,False
1362,348672,False
1363,348928,False
1364,349184,False
1365,349440,False
1366,349696,False
1367,349952,False
1368,350208,False
1369,350464,False
1370,350720,False
1371,350976,False
1372,351232,False
1373,351488,False
1374,351744,CSCb
1375,352000,CSCb
1376,352256,CSCb
1377,352512,CSCb
1378,352768,CSCb
1379,353024,CSCb
1380,353280,CSCb
1381,353536,CSCb
1382,353792,CSCb
1383,354048,CSCb
1384,354304,CSCb
1385,354560,CSCb
1386,354816,CSCb
1387,355072,CSCb
1388,355328,CSCb
1389,355584,CSCb
1390,355840,CSCb
1391,356096,CSCb
1392,356352,CSCb
1393,356608,CSCb
1394,356864,CSCb
1395,357120,CSCb
1396,357376,CSCb
1397,357632,CSCb
1398,357888,CSCb
1399,358144,CSCb
1400,358400,CSCb
1401,358656,CSCb
1402,358912,CSCb
1403,359168,CSCb
1404,359424,CSCb
1405,359680,CSCb
1406,359936,CSCb
1407,360192,CSCb
1408,360448,CSCb
1409,360704,CSCb
1410,360960,CSCb
1411,361216,CSCb
1412,361472,CSCb
1413,361728,CSCb
1414,361984,CSCb
1415,362240,CSCb
1416,362496,False
1417,362752,False
1418,363008,False
1419,363264,False
1420,363520,False
1421,363776,False
1422,364032,False
1423,364288,False
1424,364544,False
1425,364800,False
1426,365056,False
1427,365312,False
1428,365568,False
1429,365824,False
1430,366080,False
1431,366336,False
1432,366592,False
1433,366848,False
1434,367104,False
1435,367360,False
1436,367616,False
1437,367872,False
1438,368128,False
1439,368384,False
1440,368640,False
1441,368896,False
1442,369152,False
1443,369408,False
1444,369664,False
1445,369920,False
1446,370176,False
1447,370432,False
1448,370688,False
1449,370944,False
1450,371200,False
1451,371456,False
1452,371712,False
1453,371968,False
1454,372224,False
1455,372480,False
1456,372736,False
1457,372992,False
1458,373248,False
1459,373504,False
1460,373760,False
1461,374016,False
1462,374272,False
1463,374528,False
1464,374784,False
1465,375040,CSCb
1466,375296,CSCb
1467,375552,CSCb
1468,375808,CSCb
1469,376064,CSCb
1470,376320,CSCb
1471,376576,CSCb
1472,376832,CSCb
1473,377088,CSCb
1474,377344,CSCb
1475,377600,CSCb
1476,377856,CSCb
1477,378112,CSCb
1478,378368,CSCb
1479,378624,CSCb
1480,378880,CSCb
1481,379136,CSCb
1482,379392,CSCb
1483,379648,CSCb
1484,379904,CSCb
1485,380160,CSCb
1486,380416,CSCb
1487,380672,CSCb
1488,380928,CSCb
1489,381184,CSCb
1490,381440,CSCb
1491,381696,CSCb
1492,381952,CSCb
1493,382208,CSCb
1494,382464,CSCb
1495,382720,CSCb
1496,382976,CSCb
1497,383232,False
1498,383488,False
1499,383744,False
1500,384000,False
1501,384256,False
1502,384512,False
1503,384768,False
1504,385024,False
1505,385280,False
1506,385536,False
1507,385792,False
1508,386048,False
1509,386304,CSCb
1510,386560,CSCb
1511,386816,CSCb
1512,387072,CSCb
1513,387328,False
1514,387584,False
1515,387840,False
1516,388096,False
1517,388352,False
1518,388608,False
1519,388864,False
1520,389120,False
1521,389376,False
1522,389632,CSCb
1523,389888,CSCb
1524,390144,CSCb
1525,390400,CSCb
1526,390656,CSCb
1527,390912,CSCb
1528,391168,CSCb
1529,391424,CSCb
1530,391680,CSCb
1531,391936,CSCb
1532,392192,CSCb
1533,392448,CSCb
1534,392704,CSCb
1535,392960,CSCb
1536,393216,CSCb
1537,393472,CSCb
1538,393728,CSCb
1539,393984,False
1540,394240,False
1541,394496,False
1542,394752,False
1543,395008,False
1544,395264,False
1545,395520,False
1546,395776,False
1547,396032,False
1548,396288,False
1549,396544,False
1550,396800,False
1551,397056,False
1552,397312,False
1553,397568,False
1554,397824,False
1555,398080,False
1556,398336,False
1557,398592,False
1558,398848,False
1559,399104,False
1560,399360,False
1561,399616,False
1562,399872,CSCb
1563,400128,CSCb
1564,400384,CSCb
1565,400640,CSCb
1566,400896,False
1567,401152,False
1568,401408,False
1569,401664,False
1570,401920,False
1571,402176,False
1572,402432,False
1573,402688,False
1574,402944,False
1575,403200,CSCb
1576,403456,CSCb
1577,403712,CSCb
1578,403968,CSCb
1579,404224,CSCb
1580,404480,CSCb
1581,404736,CSCb
1582,404992,CSCb
1583,405248,CSCb
1584,405504,CSCb
1585,405760,CSCb
1586,406016,CSCb
1587,406272,CSCb
1588,406528,CSCb
1589,406784,CSCb
1590,407040,CSCb
1591,407296,CSCb
1592,407552,CSCb
1593,407808,False
1594,408064,False
1595,408320,False
1596,408576,False
1597,408832,False
1598,409088,False
1599,409344,False
1600,409600,False
1601,409856,False
1602,410112,False
1603,410368,False
1604,410624,False
1605,410880,False
1606,411136,False
1607,411392,False
1608,411648,False
1609,411904,False
1610,412160,False
1611,412416,False
1612,412672,False
1613,412928,False
1614,413184,False
1615,413440,False
1616,413696,False
1617,413952,False
1618,414208,False
1619,414464,False
1620,414720,False
1621,414976,False
1622,415232,False
1623,415488,False
1624,415744,False
1625,416000,False
1626,416256,False
1627,416512,False
1628,416768,False
1629,417024,CSCb
1630,417280,CSCb
1631,417536,CSCb
1632,417792,CSCb
1633,418048,CSCb
1634,418304,CSCb
1635,418560,CSCb
1636,418816,False
1637,419072,False
1638,419328,False
1639,419584,False
1640,419840,False
1641,420096,False
1642,420352,False
1643,420608,False
1644,420864,False
1645,421120,False
1646,421376,False
1647,421632,False
1648,421888,False
1649,422144,False
1650,422400,False
1651,422656,False
1652,422912,False
1653,423168,False
1654,423424,CSCb
1655,423680,CSCb
1656,423936,CSCb
1657,424192,CSCb
1658,424448,CSCb
1659,424704,CSCb
1660,424960,False
1661,425216,False
1662,425472,False
1663,425728,False
1664,425984,False
1665,426240,False
1666,426496,False
1667,426752,False
1668,427008,False
1669,427264,False
1670,427520,False
1671,427776,False
1672,428032,False
1673,428288,False
1674,428544,False
1675,428800,False
1676,429056,False
1677,429312,False
1678,429568,False
1679,429824,False
1680,430080,False
1681,430336,False
1682,430592,False
1683,430848,False
1684,431104,False
1685,431360,False
1686,431616,False
1687,431872,False
1688,432128,False
1689,432384,False
1690,432640,False
1691,432896,False
1692,433152,False
1693,433408,False
1694,433664,False
1695,433920,False
1696,434176,False
1697,434432,False
1698,434688,False
1699,434944,False
1700,435200,False
1701,435456,False
1702,435712,False
1703,435968,False
1704,436224,False
1705,436480,False
1706,436736,False
1707,436992,False
1708,437248,False
1709,437504,False
1710,437760,False
1711,438016,False
1712,438272,False
1713,438528,False
1714,438784,False
1715,439040,False
1716,439296,False
1717,439552,False
1718,439808,False
1719,440064,False
1720,440320,False
1721,440576,False
1722,440832,False
1723,441088,False
1724,441344,False
1725,441600,False
1726,441856,False
1727,442112,False
1728,442368,False
1729,442624,False
1730,442880,False
1731,443136,False
1732,443392,False
1733,443648,False
1734,443904,False
1735,444160,False
1736,444416,False
1737,444672,False
1738,444928,False
1739,445184,False
1740,445440,False
1741,445696,False
1742,445952,False
1743,446208,False
1744,446464,False
1745,446720,False
1746,446976,False
1747,447232,False
1748,447488,False
1749,447744,False
1750,448000,False
1751,448256,False
1752,448512,False
1753,448768,False
1754,449024,False
1755,449280,False
1756,449536,False
1757,449792,False
1758,450048,False
1759,450304,False
1760,450560,False
1761,450816,False
1762,451072,False
1763,451328,False
1764,451584,False
1765,451840,False
1766,452096,False
1767,452352,False
1768,452608,False
1769,452864,False
1770,453120,False
1771,453376,False
1772,453632,False
1773,453888,False
1774,454144,False
1775,454400,False
1776,454656,False
1777,454912,False
1778,455168,False
1779,455424,False
1780,455680,False
1781,455936,False
1782,456192,False
1783,456448,False
1784,456704,False
1785,456960,False
1786,457216,False
1787,457472,False
1788,457728,False
1789,457984,False
1790,458240,False
1791,458496,False
1792,458752,False
1793,459008,False
1794,459264,False
1795,459520,False
1796,459776,False
1797,460032,False
1798,460288,False
1799,460544,False
1800,460800,False
1801,461056,False
1802,461312,False
1803,461568,False
1804,461824,False
1805,462080,False
1806,462336,False
1807,462592,False
1808,462848,False
1809,463104,False
1810,463360,False
1811,463616,False
1812,463872,False
1813,464128,False
1814,464384,False
1815,464640,False
1816,464896,False
1817,465152,False
1818,465408,False
1819,465664,False
1820,465920,False
1821,466176,False
1822,466432,False
1823,466688,False
1824,466944,False
1825,467200,False
1826,467456,False
1827,467712,False
1828,467968,False
1829,468224,False
1830,468480,False
1831,468736,False
1832,468992,False
1833,469248,False
1834,469504,False
1835,469760,False
1836,470016,False
1837,470272,False
1838,470528,False
1839,470784,False
1840,471040,False
1841,471296,False
1842,471552,False
1843,471808,False
1844,472064,False
1845,472320,False
1846,472576,False
1847,472832,False
1848,473088,False
1849,473344,False
1850,473600,False
1851,473856,False
1852,474112,False
1853,474368,False
1854,474624,False
1855,474880,False
1856,475136,False
1857,475392,False
1858,475648,False
1859,475904,False
1860,476160,False
1861,476416,False
1862,476672,False
1863,476928,False
1864,477184,False
1865,477440,False
1866,477696,False
1867,477952,False
1868,478208,False
1869,478464,False
1870,478720,False
1871,478976,False
1872,479232,False
1873,479488,False
1874,479744,False
1875,480000,False
1876,480256,False
1877,480512,False
1878,480768,False
1879,481024,False
1880,481280,False
1881,481536,False
1882,481792,False
1883,482048,False
1884,482304,False
1885,482560,False
1886,482816,False
1887,483072,False
1888,483328,False
1889,483584,False
1890,483840,False
1891,484096,False
1892,484352,False
1893,484608,False
1894,484864,False
1895,485120,False
1896,485376,False
1897,485632,False
1898,485888,False
1899,486144,False
1900,486400,False
1901,486656,False
1902,486912,False
1903,487168,False
1904,487424,False
1905,487680,False
1906,487936,False
1907,488192,False
1908,488448,False
1909,488704,False
1910,488960,False
1911,489216,False
1912,489472,False
1913,489728,False
1914,489984,False
1915,490240,False
1916,490496,False
1917,490752,False
1918,491008,False
1919,491264,False
1920,491520,False
1921,491776,False
1922,492032,False
1923,492288,False
1924,492544,False
1925,492800,False
1926,493056,False
1927,493312,False
1928,493568,False
1929,493824,False
1930,494080,False
1931,494336,False
1932,494592,False
1933,494848,False
1934,495104,False
1935,495360,False
1936,495616,False
1937,495872,False
1938,496128,False
1939,496384,False
1940,496640,False
1941,496896,False
1942,497152,False
1943,497408,False
1944,497664,False
1945,497920,False
1946,498176,False
1947,498432,False
1948,498688,False
1949,498944,False
1950,499200,False
1951,499456,False
1952,499712,False
1953,499968,False
1954,500224,False
1955,500480,False
1956,500736,False
1957,500992,False
1958,501248,False
1959,501504,False
1960,501760,False
1961,502016,False
1962,502272,False
1963,502528,False
1964,502784,False
1965,503040,False
1966,503296,False
1967,503552,False
1968,503808,False
1969,504064,False
1970,504320,False
1971,504576,False
1972,504832,False
1973,505088,False
1974,505344,False
1975,505600,False
1976,505856,False
1977,506112,False
1978,506368,False
1979,506624,False
1980,506880,False
1981,507136,False
1982,507392,False
1983,507648,False
1984,507904,False
1985,508160,False
1986,508416,False
1987,508672,False
1988,508928,False
1989,509184,False
1990,509440,False
1991,509696,False
1992,509952,False
1993,510208,False
1994,510464,False
1995,510720,False
1996,510976,False
1997,511232,False
1998,511488,False
1999,511744,False
2000,512000,False
2001,512256,False
2002,512512,False
2003,512768,False
2004,513024,False
2005,513280,False
2006,513536,False
2007,513792,False
2008,514048,False
2009,514304,False
2010,514560,False
2011,514816,False
2012,515072,False
2013,515328,False
2014,515584,False
2015,515840,False
2016,516096,False
2017,516352,False
2018,516608,False
2019,516864,False
2020,517120,False
2021,517376,False
2022,517632,False
2023,517888,False
2024,518144,False
2025,518400,False
2026,518656,False
2027,518912,False
2028,519168,False
2029,519424,False
2030,519680,False
2031,519936,False
2032,520192,False
2033,520448,False
2034,520704,False
2035,520960,False
2036,521216,False
2037,521472,False
2038,521728,False
2039,521984,False
2040,522240,False
2041,522496,False
2042,522752,False
2043,523008,False
2044,523264,False
2045,523520,False
2046,523776,False
2047,524032,False
2048,524288,False
2049,524544,False
2050,524800,False
2051,525056,False
2052,525312,False
2053,525568,False
2054,525824,False
2055,526080,False
2056,526336,False
2057,526592,False
2058,526848,False
2059,527104,False
2060,527360,False
2061,527616,False
2062,527872,False
2063,528128,False
2064,528384,False
2065,528640,False
2066,528896,False
2067,529152,False
2068,529408,False
2069,529664,False
2070,529920,False
2071,530176,False
2072,530432,False
2073,530688,False
2074,530944,False
2075,531200,False
2076,531456,False
2077,531712,False
2078,531968,False
2079,532224,False
2080,532480,False
2081,532736,False
2082,532992,False
2083,533248,False
2084,533504,False
2085,533760,False
2086,534016,False
2087,534272,False
2088,534528,False
2089,534784,False
2090,535040,False
2091,535296,False
2092,535552,False
2093,535808,False
2094,536064,False
2095,536320,False
2096,536576,False
2097,536832,False
2098,537088,False
2099,537344,False
2100,537600,False
2101,537856,False
2102,538112,False
2103,538368,False
2104,538624,False
2105,538880,False
2106,539136,False
2107,539392,False
2108,539648,False
2109,539904,False
2110,540160,False
2111,540416,False
2112,540672,False
2113,540928,False
2114,541184,False
2115,541440,False
2116,541696,False
2117,541952,False
2118,542208,False
2119,542464,False
2120,542720,False
2121,542976,False
2122,543232,False
2123,543488,False
2124,543744,False
2125,544000,False
2126,544256,False
2127,544512,False
2128,544768,False
2129,545024,False
2130,545280,False
2131,545536,False
2132,545792,False
2133,546048,False
2134,546304,False
2135,546560,False
2136,546816,False
2137,547072,False
2138,547328,False
2139,547584,False
2140,547840,False
2141,548096,False
2142,548352,False
2143,548608,False
2144,548864,False
2145,549120,False
2146,549376,False
2147,549632,False
2148,549888,False
2149,550144,False
2150,550400,False
2151,550656,False
2152,550912,False
2153,551168,False
2154,551424,False
2155,551680,False
2156,551936,False
2157,552192,False
2158,552448,False
2159,552704,False
2160,552960,False
2161,553216,False
2162,553472,False
2163,553728,False
2164,553984,False
2165,554240,False
2166,554496,False
2167,554752,False
2168,555008,False
2169,555264,False
2170,555520,False
2171,555776,False
2172,556032,False
2173,556288,False
2174,556544,False
2175,556800,False
2176,557056,False
2177,557312,False
2178,557568,False
2179,557824,False
2180,558080,False
2181,558336,False
2182,558592,False
2183,558848,False
2184,559104,False
2185,559360,False
2186,559616,False
2187,559872,False
2188,560128,False
2189,560384,False
2190,560640,False
2191,560896,False
2192,561152,False
2193,561408,False
2194,561664,False
2195,561920,False
2196,562176,False
2197,562432,False
2198,562688,False
2199,562944,False
2200,563200,False
2201,563456,False
2202,563712,False
2203,563968,False
2204,564224,False
2205,564480,False
2206,564736,False
2207,564992,False
2208,565248,False
2209,565504,False
2210,565760,False
2211,566016,False
2212,566272,False
2213,566528,False
2214,566784,False
2215,567040,False
2216,567296,False
2217,567552,False
2218,567808,False
2219,568064,False
2220,568320,False
2221,568576,False
2222,568832,False
2223,569088,False
2224,569344,False
2225,569600,CSCb
2226,569856,CSCb
2227,570112,CSCb
2228,570368,CSCb
2229,570624,CSCb
2230,570880,CSCb
2231,571136,CSCb
2232,571392,CSCb
2233,571648,CSCb
2234,571904,False
2235,572160,False
2236,572416,False
2237,572672,False
2238,572928,False
2239,573184,False
2240,573440,False
2241,573696,False
2242,573952,False
2243,574208,False
2244,574464,False
2245,574720,False
2246,574976,False
2247,575232,False
2248,575488,False
2249,575744,False
2250,576000,False
2251,576256,False
2252,576512,False
2253,576768,False
2254,577024,False
2255,577280,CSCb
2256,577536,CSCb
2257,577792,CSCb
2258,578048,CSCb
2259,578304,CSCb
2260,578560,CSCb
2261,578816,CSCb
2262,579072,False
2263,579328,False
2264,579584,False
2265,579840,False
2266,580096,False
2267,580352,False
2268,580608,False
2269,580864,False
2270,581120,False
2271,581376,False
2272,581632,False
2273,581888,False
2274,582144,False
2275,582400,False
2276,582656,False
2277,582912,False
2278,583168,False
2279,583424,False
2280,583680,False
2281,583936,False
2282,584192,False
2283,584448,False
2284,584704,False
2285,584960,False
2286,585216,False
2287,585472,False
2288,585728,False
2289,585984,False
2290,586240,False
2291,586496,False
2292,586752,False
2293,587008,False
2294,587264,False
2295,587520,False
2296,587776,False
2297,588032,False
2298,588288,False
2299,588544,False
2300,588800,False
2301,589056,False
2302,589312,False
2303,589568,False
2304,589824,False
2305,590080,False
2306,590336,False
2307,590592,False
2308,590848,False
2309,591104,False
2310,591360,False
2311,591616,False
2312,591872,False
2313,592128,False
2314,592384,False
2315,592640,False
2316,592896,False
2317,593152,False
2318,593408,False
2319,593664,False
2320,593920,False
2321,594176,False
2322,594432,False
2323,594688,False
2324,594944,False
2325,595200,False
2326,595456,False
2327,595712,False
2328,595968,False
2329,596224,False
2330,596480,False
2331,596736,False
2332,596992,False
2333,597248,False
2334,597504,False
2335,597760,False
2336,598016,False
2337,598272,False
2338,598528,False
2339,598784,False
2340,599040,False
2341,599296,False
2342,599552,CSCb
2343,599808,CSCb
2344,600064,CSCb
2345,600320,CSCb
2346,600576,CSCb
2347,600832,CSCb
2348,601088,CSCb
2349,601344,CSCb
2350,601600,CSCb
2351,601856,CSCb
2352,602112,CSCb
2353,602368,CSCb
2354,602624,CSCb
2355,602880,CSCb
2356,603136,False
2357,603392,False
2358,603648,False
2359,603904,False
2360,604160,False
2361,604416,False
2362,604672,False
2363,604928,False
2364,605184,False
2365,605440,False
2366,605696,False
2367,605952,False
2368,606208,False
2369,606464,False
2370,606720,False
2371,606976,False
2372,607232,False
2373,607488,False
2374,607744,False
2375,608000,False
2376,608256,False
2377,608512,False
2378,608768,False
2379,609024,False
2380,609280,False
2381,609536,False
2382,609792,False
2383,610048,False
2384,610304,False
2385,610560,False
2386,610816,False
2387,611072,False
2388,611328,False
2389,611584,False
2390,611840,False
2391,612096,False
2392,612352,False
2393,612608,False
2394,612864,False
2395,613120,False
2396,613376,False
2397,613632,False
2398,613888,False
2399,614144,False
2400,614400,False
2401,614656,False
2402,614912,False
2403,615168,False
2404,615424,False
2405,615680,False
2406,615936,False
2407,616192,False
2408,616448,False
2409,616704,False
2410,616960,False
2411,617216,False
2412,617472,False
2413,617728,False
2414,617984,False
2415,618240,False
2416,618496,False
2417,618752,False
2418,619008,False
2419,619264,False
2420,619520,False
2421,619776,False
2422,620032,False
2423,620288,False
2424,620544,False
2425,620800,False
2426,621056,False
2427,621312,False
2428,621568,False
2429,621824,False
2430,622080,False
2431,622336,False
2432,622592,False
2433,622848,False
2434,623104,False
2435,623360,False
2436,623616,False
2437,623872,False
2438,624128,False
2439,624384,False
2440,624640,False
2441,624896,False
2442,625152,False
2443,625408,False
2444,625664,False
2445,625920,False
2446,626176,False
2447,626432,False
2448,626688,False
2449,626944,False
2450,627200,False
2451,627456,False
2452,627712,False
2453,627968,False
2454,628224,False
2455,628480,False
2456,628736,False
2457,628992,False
2458,629248,False
2459,629504,False
2460,629760,False
2461,630016,False
2462,630272,False
2463,630528,CSE
2464,630784,CSE
2465,631040,CSE
2466,631296,CSE
2467,631552,CSE
2468,631808,CSE
2469,632064,CSE
2470,632320,CSE
2471,632576,CSE
2472,632832,False
2473,633088,False
2474,633344,False
2475,633600,False
2476,633856,False
2477,634112,False
2478,634368,False
2479,634624,False
2480,634880,False
2481,635136,False
2482,635392,False
2483,635648,False
2484,635904,False
2485,636160,False
2486,636416,False
2487,636672,False
2488,636928,False
2489,637184,False
2490,637440,False
2491,637696,False
2492,637952,False
2493,638208,False
2494,638464,False
2495,638720,False
2496,638976,False
2497,639232,False
2498,639488,False
2499,639744,False
2500,640000,False
2501,640256,False
2502,640512,CSCb
2503,640768,CSCb
2504,641024,CSCb
2505,641280,CSCb
2506,641536,CSCb
2507,641792,CSCb
2508,642048,CSCb
2509,642304,CSCb
2510,642560,CSCb
2511,642816,CSCb
2512,643072,CSCb
2513,643328,CSCb
2514,643584,CSCb
2515,643840,CSCb
2516,644096,CSCb
2517,644352,CSCb
2518,644608,CSCb
2519,644864,CSCb
2520,645120,CSCb
2521,645376,CSCb
2522,645632,CSCb
2523,645888,CSCb
2524,646144,CSCb
2525,646400,CSCb
2526,646656,CSCb
2527,646912,CSCb
2528,647168,CSCb
2529,647424,CSCb
2530,647680,CSCb
2531,647936,CSCb
2532,648192,CSCb
2533,648448,CSCb
2534,648704,CSCb
2535,648960,CSCb
2536,649216,CSCb
2537,649472,CSCb
2538,649728,CSCb
2539,649984,CSCb
2540,650240,CSCb
2541,650496,CSCb
2542,650752,CSCb
2543,651008,CSCb
2544,651264,CSCb
2545,651520,CSCb
2546,651776,CSCb
2547,652032,CSCb
2548,652288,CSCb
2549,652544,CSCb
2550,652800,CSCb
2551,653056,CSCb
2552,653312,CSCb
2553,653568,CSCb
2554,653824,CSCb
2555,654080,CSCb
2556,654336,False
2557,654592,False
2558,654848,False
2559,655104,False
2560,655360,False
2561,655616,False
2562,655872,False
2563,656128,False
2564,656384,False
2565,656640,False
2566,656896,False
2567,657152,False
2568,657408,False
2569,657664,False
2570,657920,False
2571,658176,False
2572,658432,False
2573,658688,False
2574,658944,False
2575,659200,False
2576,659456,False
2577,659712,False
2578,659968,False
2579,660224,False
2580,660480,False
2581,660736,False
2582,660992,False
2583,661248,False
2584,661504,False
2585,661760,False
2586,662016,CSCb
2587,662272,CSCb
2588,662528,CSCb
2589,662784,CSCb
2590,663040,CSCb
2591,663296,CSCb
2592,663552,CSCb
2593,663808,CSCb
2594,664064,CSCb
2595,664320,CSCb
2596,664576,CSCb
2597,664832,CSCb
2598,665088,CSCb
2599,665344,CSCb
2600,665600,CSCb
2601,665856,CSCb
2602,666112,CSCb
2603,666368,CSCb
2604,666624,CSCb
2605,666880,CSCb
2606,667136,CSCb
2607,667392,CSCb
2608,667648,CSCb
2609,667904,CSCb
2610,668160,CSCb
2611,668416,CSCb
2612,668672,CSCb
2613,668928,CSCb
2614,669184,CSCb
2615,669440,CSCb
2616,669696,CSCb
2617,669952,CSCb
2618,670208,CSCb
2619,670464,CSCb
2620,670720,CSCb
2621,670976,CSCb
2622,671232,CSCb
2623,671488,CSCb
2624,671744,CSCb
2625,672000,CSCb
2626,672256,CSCb
2627,672512,CSCb
2628,672768,CSCb
2629,673024,CSCb
2630,673280,CSCb
2631,673536,CSCb
2632,673792,False
2633,674048,False
2634,674304,False
2635,674560,False
2636,674816,False
2637,675072,False
2638,675328,False
2639,675584,False
2640,675840,False
2641,676096,False
2642,676352,False
2643,676608,False
2644,676864,False
2645,677120,False
2646,677376,False
2647,677632,False
2648,677888,False
2649,678144,False
2650,678400,False
2651,678656,False
2652,678912,False
2653,679168,False
2654,679424,False
2655,679680,False
2656,679936,False
2657,680192,False
2658,680448,False
2659,680704,False
2660,680960,False
2661,681216,False
2662,681472,False
2663,681728,False
2664,681984,False
2665,682240,False
2666,682496,False
2667,682752,CSCb
2668,683008,CSCb
2669,683264,CSCb
2670,683520,CSCb
2671,683776,CSCb
2672,684032,CSCb
2673,684288,CSCb
2674,684544,CSCb
2675,684800,CSCb
2676,685056,CSCb
2677,685312,CSCb
2678,685568,CSCb
2679,685824,CSCb
2680,686080,CSCb
2681,686336,CSCb
2682,686592,CSCb
2683,686848,CSCb
2684,687104,CSCb
2685,687360,CSCb
2686,687616,CSCb
2687,687872,CSCb
2688,688128,CSCb
2689,688384,CSCb
2690,688640,CSCb
2691,688896,CSCb
2692,689152,CSCb
2693,689408,CSCb
2694,689664,CSCb
2695,689920,CSCb
2696,690176,CSCb
2697,690432,CSCb
2698,690688,CSCb
2699,690944,CSCb
2700,691200,CSCb
2701,691456,CSCb
2702,691712,CSCb
2703,691968,CSCb
2704,692224,CSCb
2705,692480,False
2706,692736,False
2707,692992,False
2708,693248,False
2709,693504,False
2710,693760,False
2711,694016,False
2712,694272,False
2713,694528,False
2714,694784,False
2715,695040,False
2716,695296,False
2717,695552,False
2718,695808,False
2719,696064,False
2720,696320,False
2721,696576,False
2722,696832,False
2723,697088,False
2724,697344,False
2725,697600,False
2726,697856,False
2727,698112,False
2728,698368,False
2729,698624,False
2730,698880,False
2731,699136,False
2732,699392,False
2733,699648,False
2734,699904,False
2735,700160,False
2736,700416,False
2737,700672,False
2738,700928,False
2739,701184,False
2740,701440,False
2741,701696,False
2742,701952,False
2743,702208,False
2744,702464,False
2745,702720,False
2746,702976,False
2747,703232,False
2748,703488,False
2749,703744,False
2750,704000,False
2751,704256,False
2752,704512,CSCb
2753,704768,CSCb
2754,705024,CSCb
2755,705280,CSCb
2756,705536,CSCb
2757,705792,CSCb
2758,706048,CSCb
2759,706304,CSCb
2760,706560,CSCb
2761,706816,CSCb
2762,707072,CSCb
2763,707328,CSCb
2764,707584,CSCb
2765,707840,CSCb
2766,708096,CSCb
2767,708352,CSCb
2768,708608,CSCb
2769,708864,CSCb
2770,709120,CSCb
2771,709376,CSCb
2772,709632,CSCb
2773,709888,CSCb
2774,710144,CSCb
2775,710400,CSCb
2776,710656,CSCb
2777,710912,CSCb
2778,711168,CSCb
2779,711424,CSCb
2780,711680,False
2781,711936,False
2782,712192,False
2783,712448,False
2784,712704,False
2785,712960,False
2786,713216,False
2787,713472,False
2788,713728,False
2789,713984,False
2790,714240,False
2791,714496,False
2792,714752,False
2793,715008,False
2794,715264,False
2795,715520,False
2796,715776,False
2797,716032,False
2798,716288,False
2799,716544,False
2800,716800,False
2801,717056,False
2802,717312,False
2803,717568,False
2804,717824,False
2805,718080,False
2806,718336,False
2807,718592,False
2808,718848,False
2809,719104,False
2810,719360,False
2811,719616,False
2812,719872,False
2813,720128,False
2814,720384,False
2815,720640,False
2816,720896,False
2817,721152,False
2818,721408,False
2819,721664,False
2820,721920,False
2821,722176,False
2822,722432,CSCb
2823,722688,CSCb
2824,722944,CSCb
2825,723200,CSCb
2826,723456,CSCb
2827,723712,CSCb
2828,723968,CSCb
2829,724224,CSCb
2830,724480,CSCb
2831,724736,CSCb
2832,724992,CSCb
2833,725248,CSCb
2834,725504,CSCb
2835,725760,CSCb
2836,726016,CSCb
2837,726272,CSCb
2838,726528,CSCb
2839,726784,CSCb
2840,727040,CSCb
2841,727296,CSCb
2842,727552,CSCb
2843,727808,CSCb
2844,728064,CSCb
2845,728320,CSCb
2846,728576,CSCb
2847,728832,CSCb
2848,729088,CSCb
2849,729344,CSCb
2850,729600,CSCb
2851,729856,CSCb
2852,730112,CSCb
2853,730368,CSCb
2854,730624,CSCb
2855,730880,CSCb
2856,731136,CSCb
2857,731392,CSCb
2858,731648,CSCb
2859,731904,CSCb
2860,732160,CSCb
2861,732416,CSCb
2862,732672,CSCb
2863,732928,CSCb
2864,733184,CSCb
2865,733440,CSCb
2866,733696,CSCb
2867,733952,CSCb
2868,734208,CSCb
2869,734464,CSCb
2870,734720,CSCb
2871,734976,False
2872,735232,False
2873,735488,False
2874,735744,False
2875,736000,False
2876,736256,False
2877,736512,False
2878,736768,False
2879,737024,False
2880,737280,False
2881,737536,False
2882,737792,False
2883,738048,False
2884,738304,False
2885,738560,False
2886,738816,False
2887,739072,False
2888,739328,False
2889,739584,False
2890,739840,False
2891,740096,False
2892,740352,False
2893,740608,False
2894,740864,False
2895,741120,False
2896,741376,False
2897,741632,False
2898,741888,False
2899,742144,False
2900,742400,False
2901,742656,False
2902,742912,False
2903,743168,False
2904,743424,False
2905,743680,False
2906,743936,False
2907,744192,False
2908,744448,False
2909,744704,False
2910,744960,False
2911,745216,False
2912,745472,False
2913,745728,False
2914,745984,False
2915,746240,False
2916,746496,False
2917,746752,CSCb
2918,747008,CSCb
2919,747264,CSCb
2920,747520,CSCb
2921,747776,CSCb
2922,748032,CSCb
2923,748288,CSCb
2924,748544,CSCb
2925,748800,CSCb
2926,749056,CSCb
2927,749312,CSCb
2928,749568,CSCb
2929,749824,CSCb
2930,750080,CSCb
2931,750336,CSCb
2932,750592,CSCb
2933,750848,False
2934,751104,False
2935,751360,False
2936,751616,False
2937,751872,False
2938,752128,False
2939,752384,False
2940,752640,False
2941,752896,False
2942,753152,False
2943,753408,False
2944,753664,False
2945,753920,False
2946,754176,False
2947,754432,False
2948,754688,False
2949,754944,False
2950,755200,False
2951,755456,False
2952,755712,False
2953,755968,False
2954,756224,False
2955,756480,False
2956,756736,False
2957,756992,False
2958,757248,False
2959,757504,False
2960,757760,False
2961,758016,False
2962,758272,False
2963,758528,False
2964,758784,False
2965,759040,False
2966,759296,False
2967,759552,False
2968,759808,False
2969,760064,False
2970,760320,False
2971,760576,False
2972,760832,False
2973,761088,False
2974,761344,False
2975,761600,False
2976,761856,False
2977,762112,False
2978,762368,False
2979,762624,False
2980,762880,False
2981,763136,False
2982,763392,False
2983,763648,False
2984,763904,False
2985,764160,False
2986,764416,False
2987,764672,False
2988,764928,False
2989,765184,False
2990,765440,False
2991,765696,False
2992,765952,False
2993,766208,False
2994,766464,False
2995,766720,False
2996,766976,False
2997,767232,False
2998,767488,False
2999,767744,False
3000,768000,False
3001,768256,False
3002,768512,False
3003,768768,False
3004,769024,False
3005,769280,False
3006,769536,False
3007,769792,False
3008,770048,False
3009,770304,False
3010,770560,False
3011,770816,False
3012,771072,False
3013,771328,False
3014,771584,False
3015,771840,False
3016,772096,False
3017,772352,False
3018,772608,False
3019,772864,False
3020,773120,False
3021,773376,False
3022,773632,False
3023,773888,False
3024,774144,False
3025,774400,False
3026,774656,False
3027,774912,False
3028,775168,False
3029,775424,False
3030,775680,False
3031,775936,False
3032,776192,False
3033,776448,False
3034,776704,False
3035,776960,False
3036,777216,False
3037,777472,False
3038,777728,False
3039,777984,False
3040,778240,False
3041,778496,False
3042,778752,False
3043,779008,False
3044,779264,False
3045,779520,False
3046,779776,False
3047,780032,False
3048,780288,False
3049,780544,False
3050,780800,False
3051,781056,False
3052,781312,False
3053,781568,False
3054,781824,False
3055,782080,False
3056,782336,False
3057,782592,False
3058,782848,False
3059,783104,False
3060,783360,False
3061,783616,False
3062,783872,False
3063,784128,False
3064,784384,False
3065,784640,False
3066,784896,False
3067,785152,False
3068,785408,False
3069,785664,False
3070,785920,False
3071,786176,False
3072,786432,False
3073,786688,False
3074,786944,False
3075,787200,False
3076,787456,False
3077,787712,False
3078,787968,False
3079,788224,False
3080,788480,False
3081,788736,False
3082,788992,False
3083,789248,False
3084,789504,False
3085,789760,False
3086,790016,False
3087,790272,False
3088,790528,False
3089,790784,False
3090,791040,False
3091,791296,False
3092,791552,False
3093,791808,False
3094,792064,False
3095,792320,False
3096,792576,False
3097,792832,False
3098,793088,False
3099,793344,False
3100,793600,False
3101,793856,False
3102,794112,False
3103,794368,False
3104,794624,False
3105,794880,False
3106,795136,False
3107,795392,False
3108,795648,False
3109,795904,False
3110,796160,False
3111,796416,False
3112,796672,False
3113,796928,False
3114,797184,False
3115,797440,False
3116,797696,False
3117,797952,False
3118,798208,False
3119,798464,False
3120,798720,False
3121,798976,False
3122,799232,False
3123,799488,False
3124,799744,False
3125,800000,False
3126,800256,False
3127,800512,False
3128,800768,False
3129,801024,False
3130,801280,False
3131,801536,False
3132,801792,False
3133,802048,False
3134,802304,False
3135,802560,False
3136,802816,False
3137,803072,False
3138,803328,False
3139,803584,False
3140,803840,False
3141,804096,False
3142,804352,False
3143,804608,False
3144,804864,False
3145,805120,False
3146,805376,False
3147,805632,False
3148,805888,False
3149,806144,False
3150,806400,False
3151,806656,False
3152,806912,False
3153,807168,False
3154,807424,False
3155,807680,False
3156,807936,False
3157,808192,False
3158,808448,False
3159,808704,False
3160,808960,False
3161,809216,False
3162,809472,False
3163,809728,False
3164,809984,False
3165,810240,False
3166,810496,False
3167,810752,False
3168,811008,False
3169,811264,False
3170,811520,False
3171,811776,False
3172,812032,False
3173,812288,False
3174,812544,False
3175,812800,False
3176,813056,False
3177,813312,False
3178,813568,False
3179,813824,False
3180,814080,False
3181,814336,False
3182,814592,False
3183,814848,False
3184,815104,False
3185,815360,False
3186,815616,False
3187,815872,False
3188,816128,False
3189,816384,False
3190,816640,False
3191,816896,False
3192,817152,False
3193,817408,False
3194,817664,False
3195,817920,False
3196,818176,False
3197,818432,False
3198,818688,False
3199,818944,False
3200,819200,False
3201,819456,False
3202,819712,False
3203,819968,False
3204,820224,False
3205,820480,False
3206,820736,False
3207,820992,False
3208,821248,False
3209,821504,False
3210,821760,False
3211,822016,False
3212,822272,False
3213,822528,False
3214,822784,False
3215,823040,False
3216,823296,False
3217,823552,False
3218,823808,False
3219,824064,False
3220,824320,False
3221,824576,False
3222,824832,False
3223,825088,False
3224,825344,False
3225,825600,False
3226,825856,False
3227,826112,False
3228,826368,False
3229,826624,False
3230,826880,False
3231,827136,False
3232,827392,False
3233,827648,False
3234,827904,False
3235,828160,False
3236,828416,False
3237,828672,False
3238,828928,False
3239,829184,False
3240,829440,False
3241,829696,False
3242,829952,False
3243,830208,False
3244,830464,False
3245,830720,False
3246,830976,False
3247,831232,False
3248,831488,False
3249,831744,False
3250,832000,False
3251,832256,False
3252,832512,False
3253,832768,False
3254,833024,False
3255,833280,False
3256,833536,False
3257,833792,False
3258,834048,False
3259,834304,False
3260,834560,CSCb
3261,834816,CSCb
3262,835072,CSCb
3263,835328,CSCb
3264,835584,CSCb
3265,835840,CSCb
3266,836096,CSCb
3267,836352,CSCb
3268,836608,CSCb
3269,836864,CSCb
3270,837120,CSCb
3271,837376,CSCb
3272,837632,CSCb
3273,837888,CSCb
3274,838144,CSCb
3275,838400,CSCb
3276,838656,CSCb
3277,838912,CSCb
3278,839168,CSCb
3279,839424,False
3280,839680,False
3281,839936,False
3282,840192,False
3283,840448,False
3284,840704,False
3285,840960,False
3286,841216,MP
3287,841472,MP
3288,841728,MP
3289,841984,MP
3290,842240,MP
3291,842496,MP
3292,842752,MP
3293,843008,MP
3294,843264,MP
3295,843520,MP
3296,843776,MP
3297,844032,MP
3298,844288,MP
3299,844544,MP
3300,844800,MP
3301,845056,MP
3302,845312,MP
3303,845568,MP
3304,845824,MP
3305,846080,MP
3306,846336,MP
3307,846592,MP
3308,846848,MP
3309,847104,MP
3310,847360,MP
3311,847616,MP
3312,847872,MP
3313,848128,MP
3314,848384,MP
3315,848640,MP
3316,848896,MP
3317,849152,MP
3318,849408,MP
3319,849664,MP
3320,849920,MP
3321,850176,MP
3322,850432,MP
3323,850688,MP
3324,850944,MP
3325,851200,MP
3326,851456,MP
3327,851712,MP
3328,851968,MP
3329,852224,MP
3330,852480,MP
3331,852736,MP
3332,852992,MP
3333,853248,MP
3334,853504,MP
3335,853760,MP
3336,854016,MP
3337,854272,MP
3338,854528,MP
3339,854784,MP
3340,855040,MP
3341,855296,MP
3342,855552,MP
3343,855808,MP
3344,856064,MP
3345,856320,MP
3346,856576,MP
3347,856832,MP
3348,857088,MP
3349,857344,MP
3350,857600,MP
3351,857856,MP
3352,858112,MP
3353,858368,MP
3354,858624,MP
3355,858880,MP
3356,859136,MP
3357,859392,MP
3358,859648,MP
3359,859904,MP
3360,860160,MP
3361,860416,MP
3362,860672,MP
3363,860928,MP
3364,861184,MP
3365,861440,MP
3366,861696,MP
3367,861952,MP
3368,862208,MP
3369,862464,MP
3370,862720,MP
3371,862976,MP
3372,863232,MP
3373,863488,MP
3374,863744,MP
3375,864000,MP
3376,864256,MP
3377,864512,MP
3378,864768,MP
3379,865024,MP
3380,865280,MP
3381,865536,MP
3382,865792,MP
3383,866048,MP
3384,866304,MP
3385,866560,MP
3386,866816,MP
3387,867072,MP
3388,867328,MP
3389,867584,MP
3390,867840,MP
3391,868096,MP
3392,868352,MP
3393,868608,MP
3394,868864,MP
3395,869120,MP
3396,869376,MP
3397,869632,MP
3398,869888,MP
3399,870144,MP
3400,870400,MP
3401,870656,MP
3402,870912,MP
3403,871168,MP
3404,871424,MP
3405,871680,MP
3406,871936,MP
3407,872192,MP
3408,872448,MP
3409,872704,MP
3410,872960,MP
3411,873216,MP
3412,873472,MP
3413,873728,MP
3414,873984,MP
3415,874240,MP
3416,874496,MP
3417,874752,MP
3418,875008,MP
3419,875264,MP
3420,875520,MP
3421,875776,MP
3422,876032,MP
3423,876288,MP
3424,876544,MP
3425,876800,MP
3426,877056,MP
3427,877312,MP
3428,877568,MP
3429,877824,MP
3430,878080,MP
3431,878336,MP
3432,878592,MP
3433,878848,MP
3434,879104,MP
3435,879360,MP
3436,879616,MP
3437,879872,MP
3438,880128,MP
3439,880384,MP
3440,880640,MP
3441,880896,MP
3442,881152,MP
3443,881408,MP
3444,881664,MP
3445,881920,MP
3446,882176,MP
3447,882432,MP
3448,882688,MP
3449,882944,MP
3450,883200,MP
3451,883456,MP
3452,883712,MP
3453,883968,MP
3454,884224,MP
3455,884480,MP
3456,884736,MP
3457,884992,MP
3458,885248,MP
3459,885504,MP
3460,885760,MP
3461,886016,MP
3462,886272,MP
3463,886528,MP
3464,886784,MP
3465,887040,MP
3466,887296,MP
3467,887552,MP
3468,887808,MP
3469,888064,MP
3470,888320,MP
3471,888576,MP
3472,888832,MP
3473,889088,MP
3474,889344,MP
3475,889600,MP
3476,889856,MP
3477,890112,MP
3478,890368,MP
3479,890624,MP
3480,890880,MP
3481,891136,MP
3482,891392,MP
3483,891648,MP
3484,891904,MP
3485,892160,MP
3486,892416,MP
3487,892672,MP
3488,892928,MP
3489,893184,MP
3490,893440,MP
3491,893696,MP
3492,893952,MP
3493,894208,MP
3494,894464,MP
3495,894720,MP
3496,894976,MP
3497,895232,MP
3498,895488,MP
3499,895744,MP
3500,896000,MP
3501,896256,MP
3502,896512,MP
3503,896768,MP
3504,897024,MP
3505,897280,MP
3506,897536,MP
3507,897792,MP
3508,898048,MP
3509,898304,MP
3510,898560,MP
3511,898816,MP
3512,899072,MP
3513,899328,MP
3514,899584,MP
3515,899840,MP
3516,900096,MP
3517,900352,MP
3518,900608,MP
3519,900864,MP
3520,901120,MP
3521,901376,MP
3522,901632,MP
3523,901888,MP
3524,902144,MP
3525,902400,MP
3526,902656,MP
3527,902912,MP
3528,903168,MP
3529,903424,MP
3530,903680,MP
3531,903936,MP
3532,904192,MP
3533,904448,MP
3534,904704,MP
3535,904960,MP
3536,905216,MP
3537,905472,MP
3538,905728,MP
3539,905984,MP
3540,906240,MP
3541,906496,MP
3542,906752,MP
3543,907008,MP
3544,907264,MP
3545,907520,MP
3546,907776,MP
3547,908032,MP
3548,908288,MP
3549,908544,MP
3550,908800,MP
3551,909056,MP
3552,909312,MP
3553,909568,MP
3554,909824,MP
3555,910080,MP
3556,910336,MP
3557,910592,MP
3558,910848,MP
3559,911104,MP
3560,911360,MP
3561,911616,MP
3562,911872,MP
3563,912128,MP
3564,912384,MP
3565,912640,MP
3566,912896,MP
3567,913152,MP
3568,913408,MP
3569,913664,MP
3570,913920,MP
3571,914176,MP
3572,914432,MP
3573,914688,MP
3574,914944,MP
3575,915200,MP
3576,915456,MP
3577,915712,MP
3578,915968,MP
3579,916224,MP
3580,916480,MP
3581,916736,MP
3582,916992,MP
3583,917248,MP
3584,917504,MP
3585,917760,MP
3586,918016,MP
3587,918272,MP
3588,918528,MP
3589,918784,MP
3590,919040,MP
3591,919296,MP
3592,919552,MP
3593,919808,MP
3594,920064,MP
3595,920320,MP
3596,920576,MP
3597,920832,MP
3598,921088,MP
3599,921344,MP
3600,921600,MP
3601,921856,MP
3602,922112,MP
3603,922368,MP
3604,922624,MP
3605,922880,MP
3606,923136,MP
3607,923392,MP
3608,923648,MP
3609,923904,MP
3610,924160,MP
3611,924416,MP
3612,924672,MP
3613,924928,MP
3614,925184,MP
3615,925440,MP
3616,925696,MP
3617,925952,MP
3618,926208,MP
3619,926464,MP
3620,926720,MP
3621,926976,MP
3622,927232,MP
3623,927488,MP
3624,927744,MP
3625,928000,MP
3626,928256,MP
3627,928512,MP
3628,928768,MP
3629,929024,MP
3630,929280,MP
3631,929536,MP
3632,929792,MP
3633,930048,MP
3634,930304,MP
3635,930560,MP
3636,930816,MP
3637,931072,MP
3638,931328,MP
3639,931584,MP
3640,931840,MP
3641,932096,MP
3642,932352,MP
3643,932608,MP
3644,932864,MP
3645,933120,MP
3646,933376,MP
3647,933632,MP
3648,933888,MP
3649,934144,MP
3650,934400,MP
3651,934656,MP
3652,934912,MP
3653,935168,MP
3654,935424,MP
3655,935680,MP
3656,935936,MP
3657,936192,MP
3658,936448,MP
3659,936704,MP
3660,936960,MP
3661,937216,MP
3662,937472,MP
3663,937728,MP
3664,937984,MP
3665,938240,MP
3666,938496,MP
3667,938752,MP
3668,939008,MP
3669,939264,MP
3670,939520,MP
3671,939776,MP
3672,940032,MP
3673,940288,MP
3674,940544,MP
3675,940800,MP
3676,941056,MP
3677,941312,MP
3678,941568,MP
3679,941824,MP
3680,942080,MP
3681,942336,MP
3682,942592,MP
3683,942848,MP
3684,943104,MP
3685,943360,MP
3686,943616,MP
3687,943872,MP
3688,944128,MP
3689,944384,MP
3690,944640,MP
3691,944896,MP
3692,945152,MP
3693,945408,MP
3694,945664,MP
3695,945920,MP
3696,946176,MP
3697,946432,MP
3698,946688,MP
3699,946944,MP
3700,947200,MP
3701,947456,MP
3702,947712,MP
3703,947968,MP
3704,948224,MP
3705,948480,MP
3706,948736,MP
3707,948992,MP
3708,949248,MP
3709,949504,MP
3710,949760,MP
3711,950016,MP
3712,950272,MP
3713,950528,MP
3714,950784,MP
3715,951040,MP
3716,951296,MP
3717,951552,MP
3718,951808,MP
3719,952064,MP
3720,952320,MP
3721,952576,MP
3722,952832,MP
3723,953088,MP
3724,953344,MP
3725,953600,MP
3726,953856,MP
3727,954112,MP
3728,954368,MP
3729,954624,MP
3730,954880,MP
3731,955136,MP
3732,955392,MP
3733,955648,MP
3734,955904,MP
3735,956160,MP
3736,956416,MP
3737,956672,MP
3738,956928,MP
3739,957184,MP
3740,957440,MP
3741,957696,MP
3742,957952,MP
3743,958208,MP
3744,958464,MP
3745,958720,MP
3746,958976,MP
3747,959232,MP
3748,959488,MP
3749,959744,MP
3750,960000,MP
3751,960256,MP
3752,960512,MP
3753,960768,MP
3754,961024,MP
3755,961280,MP
3756,961536,MP
3757,961792,MP
3758,962048,MP
3759,962304,MP
3760,962560,MP
3761,962816,MP
3762,963072,MP
3763,963328,MP
3764,963584,MP
3765,963840,MP
3766,964096,MP
3767,964352,MP
3768,964608,MP
3769,964864,MP
3770,965120,MP
3771,965376,MP
3772,965632,MP
3773,965888,MP
3774,966144,MP
3775,966400,MP
3776,966656,MP
3777,966912,MP
3778,967168,MP
3779,967424,MP
3780,967680,MP
3781,967936,MP
3782,968192,MP
3783,968448,MP
3784,968704,MP
3785,968960,MP
3786,969216,MP
3787,969472,MP
3788,969728,MP
3789,969984,MP
3790,970240,MP
3791,970496,MP
3792,970752,MP
3793,971008,MP
3794,971264,MP
3795,971520,MP
3796,971776,MP
3797,972032,MP
3798,972288,MP
3799,972544,MP
3800,972800,MP
3801,973056,MP
3802,973312,MP
3803,973568,MP
3804,973824,MP
3805,974080,MP
3806,974336,MP
3807,974592,MP
3808,974848,MP
3809,975104,MP
3810,975360,MP
3811,975616,MP
3812,975872,MP
3813,976128,MP
3814,976384,MP
3815,976640,MP
3816,976896,MP
3817,977152,MP
3818,977408,MP
3819,977664,MP
3820,977920,MP
3821,978176,MP
3822,978432,MP
3823,978688,MP
3824,978944,MP
3825,979200,MP
3826,979456,MP
3827,979712,MP
3828,979968,MP
3829,980224,MP
3830,980480,MP
3831,980736,MP
3832,980992,MP
3833,981248,MP
3834,981504,MP
3835,981760,MP
3836,982016,MP
3837,982272,MP
3838,982528,MP
3839,982784,MP
3840,983040,MP
3841,983296,MP
3842,983552,MP
3843,983808,MP
3844,984064,MP
3845,984320,MP
3846,984576,MP
3847,984832,MP
3848,985088,MP
3849,985344,MP
3850,985600,MP
3851,985856,MP
3852,986112,MP
3853,986368,MP
3854,986624,MP
3855,986880,MP
3856,987136,MP
3857,987392,MP
3858,987648,MP
3859,987904,MP
3860,988160,MP
3861,988416,MP
3862,988672,MP
3863,988928,MP
3864,989184,MP
3865,989440,MP
3866,989696,MP
3867,989952,MP
3868,990208,MP
3869,990464,MP
3870,990720,MP
3871,990976,MP
3872,991232,MP
3873,991488,MP
3874,991744,MP
3875,992000,MP
3876,992256,MP
3877,992512,MP
3878,992768,MP
3879,993024,MP
3880,993280,MP
3881,993536,MP
3882,993792,MP
3883,994048,MP
3884,994304,MP
3885,994560,MP
3886,994816,MP
3887,995072,MP
3888,995328,MP
3889,995584,MP
3890,995840,MP
3891,996096,MP
3892,996352,MP
3893,996608,MP
3894,996864,MP
3895,997120,MP
3896,997376,MP
3897,997632,MP
3898,997888,MP
3899,998144,MP
3900,998400,MP
3901,998656,MP
3902,998912,MP
3903,999168,MP
3904,999424,MP
3905,999680,MP
3906,999936,MP
3907,1000192,MP
3908,1000448,MP
3909,1000704,MP
3910,1000960,MP
3911,1001216,MP
3912,1001472,MP
3913,1001728,MP
3914,1001984,MP
3915,1002240,MP
3916,1002496,MP
3917,1002752,MP
3918,1003008,MP
3919,1003264,MP
3920,1003520,MP
3921,1003776,MP
3922,1004032,MP
3923,1004288,MP
3924,1004544,MP
3925,1004800,MP
3926,1005056,MP
3927,1005312,MP
3928,1005568,MP
3929,1005824,MP
3930,1006080,MP
3931,1006336,MP
3932,1006592,MP
3933,1006848,MP
3934,1007104,MP
3935,1007360,MP
3936,1007616,MP
3937,1007872,MP
3938,1008128,MP
3939,1008384,MP
3940,1008640,MP
3941,1008896,MP
3942,1009152,MP
3943,1009408,MP
3944,1009664,MP
3945,1009920,MP
3946,1010176,MP
3947,1010432,MP
3948,1010688,MP
3949,1010944,MP
3950,1011200,MP
3951,1011456,MP
3952,1011712,MP
3953,1011968,MP
3954,1012224,MP
3955,1012480,MP
3956,1012736,MP
3957,1012992,MP
3958,1013248,MP
3959,1013504,MP
3960,1013760,MP
3961,1014016,MP
3962,1014272,MP
3963,1014528,MP
3964,1014784,MP
3965,1015040,MP
3966,1015296,MP
3967,1015552,MP
3968,1015808,MP
3969,1016064,MP
3970,1016320,MP
3971,1016576,MP
3972,1016832,MP
3973,1017088,MP
3974,1017344,MP
3975,1017600,MP
3976,1017856,MP
3977,1018112,MP
3978,1018368,MP
3979,1018624,MP
3980,1018880,MP
3981,1019136,MP
3982,1019392,MP
3983,1019648,MP
3984,1019904,MP
3985,1020160,MP
3986,1020416,MP
3987,1020672,MP
3988,1020928,MP
3989,1021184,MP
3990,1021440,MP
3991,1021696,MP
3992,1021952,MP
3993,1022208,MP
3994,1022464,MP
3995,1022720,MP
3996,1022976,MP
3997,1023232,MP
3998,1023488,MP
3999,1023744,MP
4000,1024000,MP
4001,1024256,MP
4002,1024512,MP
4003,1024768,MP
4004,1025024,MP
4005,1025280,MP
4006,1025536,MP
4007,1025792,MP
4008,1026048,MP
4009,1026304,MP
4010,1026560,MP
4011,1026816,MP
4012,1027072,MP
4013,1027328,MP
4014,1027584,MP
4015,1027840,MP
4016,1028096,MP
4017,1028352,MP
4018,1028608,MP
4019,1028864,MP
4020,1029120,MP
4021,1029376,MP
4022,1029632,MP
4023,1029888,MP
4024,1030144,MP
4025,1030400,MP
4026,1030656,MP
4027,1030912,MP
4028,1031168,MP
4029,1031424,MP
4030,1031680,MP
4031,1031936,MP
4032,1032192,MP
4033,1032448,MP
4034,1032704,MP
4035,1032960,MP
4036,1033216,MP
4037,1033472,MP
4038,1033728,MP
4039,1033984,MP
4040,1034240,MP
4041,1034496,MP
4042,1034752,MP
4043,1035008,MP
4044,1035264,MP
4045,1035520,MP
4046,1035776,MP
4047,1036032,MP
4048,1036288,MP
4049,1036544,MP
4050,1036800,MP
4051,1037056,MP
4052,1037312,MP
4053,1037568,MP
4054,1037824,MP
4055,1038080,MP
4056,1038336,MP
4057,1038592,MP
4058,1038848,MP
4059,1039104,MP
4060,1039360,MP
4061,1039616,MP
4062,1039872,MP
4063,1040128,MP
4064,1040384,MP
4065,1040640,MP
4066,1040896,MP
4067,1041152,MP
4068,1041408,MP
4069,1041664,MP
4070,1041920,MP
4071,1042176,MP
4072,1042432,MP
4073,1042688,MP
4074,1042944,MP
4075,1043200,MP
4076,1043456,MP
4077,1043712,MP
4078,1043968,MP
4079,1044224,MP
4080,1044480,MP
4081,1044736,MP
4082,1044992,MP
4083,1045248,MP
4084,1045504,False
4085,1045760,False
4086,1046016,False
4087,1046272,False
4088,1046528,False
4089,1046784,False
4090,1047040,False
4091,1047296,False
4092,1047552,False
4093,1047808,False
4094,1048064,False
4095,1048320,False
4096,1048576,False
4097,1048832,False
4098,1049088,False
4099,1049344,False
4100,1049600,False
4101,1049856,False
4102,1050112,False
4103,1050368,False
4104,1050624,False
4105,1050880,False
4106,1051136,False
4107,1051392,False
4108,1051648,False
4109,1051904,False
4110,1052160,False
4111,1052416,False
4112,1052672,False
4113,1052928,False
4114,1053184,False
4115,1053440,False
4116,1053696,False
4117,1053952,False
4118,1054208,False
4119,1054464,False
4120,1054720,False
4121,1054976,False
4122,1055232,False
4123,1055488,False
4124,1055744,False
4125,1056000,False
4126,1056256,False
4127,1056512,False
4128,1056768,False
4129,1057024,False
4130,1057280,False
4131,1057536,False
4132,1057792,False
4133,1058048,False
4134,1058304,False
4135,1058560,False
4136,1058816,False
4137,1059072,False
4138,1059328,False
4139,1059584,False
4140,1059840,False
4141,1060096,False
4142,1060352,False
4143,1060608,False
4144,1060864,False
4145,1061120,False
4146,1061376,False
4147,1061632,False
4148,1061888,False
4149,1062144,False
4150,1062400,False
4151,1062656,False
4152,1062912,False
4153,1063168,False
4154,1063424,False
4155,1063680,False
4156,1063936,False
4157,1064192,False
4158,1064448,False
4159,1064704,False
4160,1064960,False
4161,1065216,False
4162,1065472,False
4163,1065728,False
4164,1065984,False
4165,1066240,False
4166,1066496,False
4167,1066752,False
4168,1067008,False
4169,1067264,False
4170,1067520,False
4171,1067776,False
4172,1068032,False
4173,1068288,False
4174,1068544,False
4175,1068800,False
4176,1069056,False
4177,1069312,False
4178,1069568,False
4179,1069824,MP
4180,1070080,MP
4181,1070336,MP
4182,1070592,MP
4183,1070848,MP
4184,1071104,MP
4185,1071360,MP
4186,1071616,MP
4187,1071872,MP
4188,1072128,MP
4189,1072384,MP
4190,1072640,MP
4191,1072896,MP
4192,1073152,MP
4193,1073408,MP
4194,1073664,MP
4195,1073920,MP
4196,1074176,MP
4197,1074432,MP
4198,1074688,MP
4199,1074944,MP
4200,1075200,MP
4201,1075456,MP
4202,1075712,MP
4203,1075968,MP
4204,1076224,MP
4205,1076480,MP
4206,1076736,MP
4207,1076992,MP
4208,1077248,MP
4209,1077504,MP
4210,1077760,MP
4211,1078016,MP
4212,1078272,MP
4213,1078528,MP
4214,1078784,MP
4215,1079040,MP
4216,1079296,MP
4217,1079552,MP
4218,1079808,MP
4219,1080064,MP
4220,1080320,MP
4221,1080576,MP
4222,1080832,MP
4223,1081088,MP
4224,1081344,MP
4225,1081600,MP
4226,1081856,MP
4227,1082112,MP
4228,1082368,MP
4229,1082624,MP
4230,1082880,MP
4231,1083136,MP
4232,1083392,MP
4233,1083648,MP
4234,1083904,MP
4235,1084160,MP
4236,1084416,MP
4237,1084672,MP
4238,1084928,MP
4239,1085184,MP
4240,1085440,MP
4241,1085696,MP
4242,1085952,MP
4243,1086208,MP
4244,1086464,MP
4245,1086720,MP
4246,1086976,MP
4247,1087232,MP
4248,1087488,MP
4249,1087744,MP
4250,1088000,MP
4251,1088256,MP
4252,1088512,MP
4253,1088768,MP
4254,1089024,MP
4255,1089280,MP
4256,1089536,MP
4257,1089792,MP
4258,1090048,MP
4259,1090304,MP
4260,1090560,MP
4261,1090816,MP
4262,1091072,MP
4263,1091328,MP
4264,1091584,MP
4265,1091840,MP
4266,1092096,MP
4267,1092352,MP
4268,1092608,MP
4269,1092864,MP
4270,1093120,MP
4271,1093376,MP
4272,1093632,MP
4273,1093888,MP
4274,1094144,MP
4275,1094400,MP
4276,1094656,MP
4277,1094912,MP
4278,1095168,MP
4279,1095424,MP
4280,1095680,MP
4281,1095936,MP
4282,1096192,MP
4283,1096448,MP
4284,1096704,MP
4285,1096960,MP
4286,1097216,MP
4287,1097472,MP
4288,1097728,MP
4289,1097984,MP
4290,1098240,MP
4291,1098496,MP
4292,1098752,False
4293,1099008,False
4294,1099264,False
4295,1099520,False
4296,1099776,False
4297,1100032,False
4298,1100288,False
4299,1100544,False
4300,1100800,False
4301,1101056,False
4302,1101312,False
4303,1101568,False
4304,1101824,False
4305,1102080,False
4306,1102336,False
4307,1102592,False
4308,1102848,False
4309,1103104,False
4310,1103360,False
4311,1103616,False
4312,1103872,False
4313,1104128,False
4314,1104384,False
4315,1104640,False
4316,1104896,False
4317,1105152,False
4318,1105408,False
4319,1105664,False
4320,1105920,False
4321,1106176,False
4322,1106432,False
4323,1106688,False
4324,1106944,False
4325,1107200,False
4326,1107456,False
4327,1107712,False
4328,1107968,False
4329,1108224,False
4330,1108480,False
4331,1108736,False
4332,1108992,False
4333,1109248,False
4334,1109504,False
4335,1109760,False
4336,1110016,False
4337,1110272,False
4338,1110528,False
4339,1110784,False
4340,1111040,False
4341,1111296,MP
4342,1111552,MP
4343,1111808,MP
4344,1112064,MP
4345,1112320,MP
4346,1112576,MP
4347,1112832,MP
4348,1113088,MP
4349,1113344,MP
4350,1113600,MP
4351,1113856,MP
4352,1114112,MP
4353,1114368,MP
4354,1114624,MP
4355,1114880,MP
4356,1115136,MP
4357,1115392,MP
4358,1115648,MP
4359,1115904,MP
4360,1116160,MP
4361,1116416,MP
4362,1116672,MP
4363,1116928,MP
4364,1117184,MP
4365,1117440,MP
4366,1117696,MP
4367,1117952,MP
4368,1118208,MP
4369,1118464,MP
4370,1118720,MP
4371,1118976,MP
4372,1119232,MP
4373,1119488,MP
4374,1119744,MP
4375,1120000,MP
4376,1120256,MP
4377,1120512,MP
4378,1120768,MP
4379,1121024,MP
4380,1121280,MP
4381,1121536,MP
4382,1121792,MP
4383,1122048,MP
4384,1122304,MP
4385,1122560,MP
4386,1122816,MP
4387,1123072,MP
4388,1123328,MP
4389,1123584,MP
4390,1123840,MP
4391,1124096,MP
4392,1124352,MP
4393,1124608,MP
4394,1124864,MP
4395,1125120,MP
4396,1125376,MP
4397,1125632,MP
4398,1125888,MP
4399,1126144,False
4400,1126400,False
4401,1126656,False
4402,1126912,False
4403,1127168,False
4404,1127424,False
4405,1127680,False
4406,1127936,False
4407,1128192,False
4408,1128448,False
4409,1128704,False
4410,1128960,False
4411,1129216,False
4412,1129472,False
4413,1129728,False
4414,1129984,False
4415,1130240,False
4416,1130496,False
4417,1130752,False
4418,1131008,False
4419,1131264,False
4420,1131520,False
4421,1131776,False
4422,1132032,False
4423,1132288,False
4424,1132544,False
4425,1132800,False
4426,1133056,False
4427,1133312,False
4428,1133568,False
4429,1133824,False
4430,1134080,False
4431,1134336,False
4432,1134592,False
4433,1134848,False
4434,1135104,False
4435,1135360,False
4436,1135616,False
4437,1135872,False
4438,1136128,False
4439,1136384,False
4440,1136640,False
4441,1136896,False
4442,1137152,False
4443,1137408,False
4444,1137664,False
4445,1137920,False
4446,1138176,False
4447,1138432,False
4448,1138688,False
4449,1138944,False
4450,1139200,False
4451,1139456,False
4452,1139712,False
4453,1139968,False
4454,1140224,False
4455,1140480,False
4456,1140736,False
4457,1140992,False
4458,1141248,False
4459,1141504,False
4460,1141760,False
4461,1142016,False
4462,1142272,False
4463,1142528,False
4464,1142784,False
4465,1143040,False
4466,1143296,False
4467,1143552,False
4468,1143808,False
4469,1144064,False
4470,1144320,False
4471,1144576,False
4472,1144832,False
4473,1145088,False
4474,1145344,False
4475,1145600,False
4476,1145856,False
4477,1146112,False
4478,1146368,False
4479,1146624,False
4480,1146880,False
4481,1147136,False
4482,1147392,False
4483,1147648,False
4484,1147904,False
4485,1148160,False
4486,1148416,False
4487,1148672,False
4488,1148928,False
4489,1149184,False
4490,1149440,False
4491,1149696,False
4492,1149952,False
4493,1150208,False
4494,1150464,False
4495,1150720,False
4496,1150976,False
4497,1151232,False
4498,1151488,False
4499,1151744,False
4500,1152000,False
4501,1152256,False
4502,1152512,False
4503,1152768,False
4504,1153024,False
4505,1153280,False
4506,1153536,False
4507,1153792,False
4508,1154048,False
4509,1154304,False
4510,1154560,False
4511,1154816,False
4512,1155072,False
4513,1155328,False
4514,1155584,False
4515,1155840,False
4516,1156096,False
4517,1156352,False
4518,1156608,False
4519,1156864,False
4520,1157120,False
4521,1157376,False
4522,1157632,False
4523,1157888,False
4524,1158144,False
4525,1158400,False
4526,1158656,False
4527,1158912,False
4528,1159168,False
4529,1159424,False
4530,1159680,False
4531,1159936,False
4532,1160192,False
4533,1160448,False
4534,1160704,False
4535,1160960,False
4536,1161216,False
4537,1161472,False
4538,1161728,False
4539,1161984,False
4540,1162240,False
4541,1162496,CSCb
4542,1162752,CSCb
4543,1163008,CSCb
4544,1163264,CSCb
4545,1163520,CSCb
4546,1163776,False
4547,1164032,False
4548,1164288,False
4549,1164544,False
4550,1164800,False
4551,1165056,False
4552,1165312,False
4553,1165568,False
4554,1165824,False
4555,1166080,False
4556,1166336,False
4557,1166592,False
4558,1166848,False
4559,1167104,False
4560,1167360,False
4561,1167616,False
4562,1167872,False
4563,1168128,False
4564,1168384,False
4565,1168640,False
4566,1168896,False
4567,1169152,False
4568,1169408,False
4569,1169664,False
4570,1169920,False
4571,1170176,False
4572,1170432,False
4573,1170688,False
4574,1170944,False
4575,1171200,False
4576,1171456,False
4577,1171712,False
4578,1171968,False
4579,1172224,False
4580,1172480,False
4581,1172736,False
4582,1172992,False
4583,1173248,False
4584,1173504,False
4585,1173760,False
4586,1174016,False
4587,1174272,False
4588,1174528,False
4589,1174784,False
4590,1175040,False
4591,1175296,False
4592,1175552,False
4593,1175808,False
4594,1176064,False
4595,1176320,False
4596,1176576,False
4597,1176832,False
4598,1177088,False
4599,1177344,False
4600,1177600,False
4601,1177856,False
4602,1178112,False
4603,1178368,False
4604,1178624,False
4605,1178880,False
4606,1179136,False
4607,1179392,False
4608,1179648,False
4609,1179904,False
4610,1180160,False
4611,1180416,False
4612,1180672,False
4613,1180928,False
4614,1181184,False
4615,1181440,False
4616,1181696,False
4617,1181952,False
4618,1182208,False
4619,1182464,False
4620,1182720,False
4621,1182976,False
4622,1183232,False
4623,1183488,False
4624,1183744,False
4625,1184000,False
4626,1184256,False
4627,1184512,False
4628,1184768,False
4629,1185024,False
4630,1185280,False
4631,1185536,False
4632,1185792,False
4633,1186048,False
4634,1186304,False
4635,1186560,False
4636,1186816,False
4637,1187072,False
4638,1187328,False
4639,1187584,False
4640,1187840,False
4641,1188096,False
4642,1188352,False
4643,1188608,False
4644,1188864,False
4645,1189120,False
4646,1189376,False
4647,1189632,False
4648,1189888,False
4649,1190144,False
4650,1190400,False
4651,1190656,False
4652,1190912,False
4653,1191168,False
4654,1191424,False
4655,1191680,False
4656,1191936,False
4657,1192192,False
4658,1192448,False
4659,1192704,False
4660,1192960,False
4661,1193216,False
4662,1193472,False
4663,1193728,False
4664,1193984,False
4665,1194240,False
4666,1194496,False
4667,1194752,False
4668,1195008,False
4669,1195264,False
4670,1195520,False
4671,1195776,False
4672,1196032,False
4673,1196288,False
4674,1196544,False
4675,1196800,False
4676,1197056,False
4677,1197312,False
4678,1197568,False
4679,1197824,False
4680,1198080,False
4681,1198336,False
4682,1198592,False
4683,1198848,False
4684,1199104,False
4685,1199360,False
4686,1199616,False
4687,1199872,False
4688,1200128,False
4689,1200384,MP
4690,1200640,MP
4691,1200896,MP
4692,1201152,MP
4693,1201408,MP
4694,1201664,MP
4695,1201920,MP
4696,1202176,False
4697,1202432,False
4698,1202688,False
4699,1202944,False
4700,1203200,False
4701,1203456,False
4702,1203712,False
4703,1203968,False
4704,1204224,False
4705,1204480,False
4706,1204736,False
4707,1204992,False
4708,1205248,False
4709,1205504,False
4710,1205760,False
4711,1206016,False
4712,1206272,False
4713,1206528,False
4714,1206784,False
4715,1207040,False
4716,1207296,False
4717,1207552,False
4718,1207808,False
4719,1208064,False
4720,1208320,False
4721,1208576,False
4722,1208832,False
4723,1209088,False
4724,1209344,False
4725,1209600,False
4726,1209856,False
4727,1210112,False
4728,1210368,False
4729,1210624,False
4730,1210880,False
4731,1211136,False
4732,1211392,False
4733,1211648,False
4734,1211904,False
4735,1212160,False
4736,1212416,False
4737,1212672,False
4738,1212928,False
4739,1213184,False
4740,1213440,False
4741,1213696,False
4742,1213952,False
4743,1214208,False
4744,1214464,False
4745,1214720,False
4746,1214976,False
4747,1215232,False
4748,1215488,False
4749,1215744,False
4750,1216000,False
4751,1216256,False
4752,1216512,False
4753,1216768,False
4754,1217024,False
4755,1217280,False
4756,1217536,False
4757,1217792,False
4758,1218048,False
4759,1218304,False
4760,1218560,False
4761,1218816,False
4762,1219072,False
4763,1219328,False
4764,1219584,False
4765,1219840,False
4766,1220096,False
4767,1220352,False
4768,1220608,False
4769,1220864,False
4770,1221120,False
4771,1221376,False
4772,1221632,False
4773,1221888,False
4774,1222144,False
4775,1222400,False
4776,1222656,False
4777,1222912,False
4778,1223168,False
4779,1223424,False
4780,1223680,False
4781,1223936,False
4782,1224192,False
4783,1224448,False
4784,1224704,False
4785,1224960,False
4786,1225216,False
4787,1225472,False
4788,1225728,False
4789,1225984,False
4790,1226240,False
4791,1226496,CSCb
4792,1226752,CSCb
4793,1227008,CSCb
4794,1227264,CSCb
4795,1227520,CSCb
4796,1227776,CSCb
4797,1228032,CSCb
4798,1228288,CSCb
4799,1228544,CSCb
4800,1228800,CSCb
4801,1229056,CSCb
4802,1229312,CSCb
4803,1229568,CSCb
4804,1229824,CSCb
4805,1230080,CSCb
4806,1230336,CSCb
4807,1230592,CSCb
4808,1230848,CSCb
4809,1231104,CSCb
4810,1231360,False
4811,1231616,False
4812,1231872,False
4813,1232128,False
4814,1232384,False
4815,1232640,False
4816,1232896,False
4817,1233152,False
4818,1233408,False
4819,1233664,False
4820,1233920,False
4821,1234176,False
4822,1234432,False
4823,1234688,False
4824,1234944,False
4825,1235200,False
4826,1235456,False
4827,1235712,False
4828,1235968,False
4829,1236224,False
4830,1236480,False
4831,1236736,False
4832,1236992,False
4833,1237248,False
4834,1237504,False
4835,1237760,False
4836,1238016,False
4837,1238272,False
4838,1238528,False
4839,1238784,False
4840,1239040,False
4841,1239296,False
4842,1239552,False
4843,1239808,False
4844,1240064,False
4845,1240320,False
4846,1240576,False
4847,1240832,False
4848,1241088,False
4849,1241344,False
4850,1241600,False
4851,1241856,False
4852,1242112,False
4853,1242368,False
4854,1242624,False
4855,1242880,False
4856,1243136,False
4857,1243392,False
4858,1243648,False
4859,1243904,False
4860,1244160,False
4861,1244416,False
4862,1244672,False
4863,1244928,False
4864,1245184,False
4865,1245440,False
4866,1245696,False
4867,1245952,False
4868,1246208,False
4869,1246464,False
4870,1246720,False
4871,1246976,False
4872,1247232,False
4873,1247488,False
4874,1247744,False
4875,1248000,False
4876,1248256,False
4877,1248512,False
4878,1248768,False
4879,1249024,False
4880,1249280,False
4881,1249536,False
4882,1249792,False
4883,1250048,False
4884,1250304,False
4885,1250560,False
4886,1250816,False
4887,1251072,False
4888,1251328,False
4889,1251584,False
4890,1251840,False
4891,1252096,False
4892,1252352,False
4893,1252608,False
4894,1252864,False
4895,1253120,False
4896,1253376,False
4897,1253632,False
4898,1253888,False
4899,1254144,False
4900,1254400,False
4901,1254656,False
4902,1254912,False
4903,1255168,False
4904,1255424,False
4905,1255680,False
4906,1255936,False
4907,1256192,False
4908,1256448,False
4909,1256704,False
4910,1256960,False
4911,1257216,False
4912,1257472,False
4913,1257728,False
4914,1257984,False
4915,1258240,False
4916,1258496,False
4917,1258752,False
4918,1259008,False
4919,1259264,False
4920,1259520,False
4921,1259776,False
4922,1260032,False
4923,1260288,False
4924,1260544,False
4925,1260800,False
4926,1261056,False
4927,1261312,False
4928,1261568,False
4929,1261824,False
4930,1262080,False
4931,1262336,False
4932,1262592,False
4933,1262848,False
4934,1263104,False
4935,1263360,False
4936,1263616,False
4937,1263872,False
4938,1264128,MP
4939,1264384,MP
4940,1264640,MP
4941,1264896,MP
4942,1265152,MP
4943,1265408,MP
4944,1265664,MP
4945,1265920,MP
4946,1266176,MP
4947,1266432,MP
4948,1266688,MP
4949,1266944,MP
4950,1267200,MP
4951,1267456,MP
4952,1267712,MP
4953,1267968,MP
4954,1268224,MP
4955,1268480,MP
4956,1268736,MP
4957,1268992,MP
4958,1269248,MP
4959,1269504,MP
4960,1269760,MP
4961,1270016,MP
4962,1270272,MP
4963,1270528,MP
4964,1270784,MP
4965,1271040,MP
4966,1271296,MP
4967,1271552,MP
4968,1271808,MP
4969,1272064,False
4970,1272320,False
4971,1272576,False
4972,1272832,False
4973,1273088,False
4974,1273344,False
4975,1273600,False
4976,1273856,False
4977,1274112,False
4978,1274368,False
4979,1274624,False
4980,1274880,False
4981,1275136,False
4982,1275392,False
4983,1275648,False
4984,1275904,False
4985,1276160,False
4986,1276416,False
4987,1276672,False
4988,1276928,False
4989,1277184,False
4990,1277440,False
4991,1277696,False
4992,1277952,False
4993,1278208,False
4994,1278464,False
4995,1278720,False
4996,1278976,False
4997,1279232,False
4998,1279488,False
4999,1279744,False
5000,1280000,False
5001,1280256,False
5002,1280512,False
5003,1280768,False
5004,1281024,False
5005,1281280,False
5006,1281536,False
5007,1281792,False
5008,1282048,False
5009,1282304,False
5010,1282560,False
5011,1282816,False
5012,1283072,False
5013,1283328,False
5014,1283584,False
5015,1283840,False
5016,1284096,False
5017,1284352,False
5018,1284608,False
5019,1284864,False
5020,1285120,False
5021,1285376,False
5022,1285632,False
5023,1285888,CSCb
5024,1286144,CSCb
5025,1286400,CSCb
5026,1286656,CSCb
5027,1286912,CSCb
5028,1287168,CSCb
5029,1287424,CSCb
5030,1287680,CSCb
5031,1287936,CSCb
5032,1288192,CSCb
5033,1288448,CSCb
5034,1288704,CSCb
5035,1288960,CSCb
5036,1289216,CSCb
5037,1289472,CSCb
5038,1289728,CSCb
5039,1289984,CSCb
5040,1290240,CSCb
5041,1290496,CSCb
5042,1290752,CSCb
5043,1291008,CSCb
5044,1291264,CSCb
5045,1291520,CSCb
5046,1291776,False
5047,1292032,False
5048,1292288,False
5049,1292544,False
5050,1292800,False
5051,1293056,False
5052,1293312,False
5053,1293568,False
5054,1293824,False
5055,1294080,False
5056,1294336,False
5057,1294592,False
5058,1294848,False
5059,1295104,False
5060,1295360,False
5061,1295616,False
5062,1295872,False
5063,1296128,False
5064,1296384,False
5065,1296640,False
5066,1296896,False
5067,1297152,False
5068,1297408,False
5069,1297664,False
5070,1297920,False
5071,1298176,False
5072,1298432,False
5073,1298688,False
5074,1298944,False
5075,1299200,False
5076,1299456,False
5077,1299712,False
5078,1299968,False
5079,1300224,False
5080,1300480,False
5081,1300736,False
5082,1300992,False
5083,1301248,False
5084,1301504,False
5085,1301760,False
5086,1302016,False
5087,1302272,False
5088,1302528,False
5089,1302784,False
5090,1303040,False
5091,1303296,False
5092,1303552,False
5093,1303808,False
5094,1304064,False
5095,1304320,False
5096,1304576,False
5097,1304832,False
5098,1305088,False
5099,1305344,False
5100,1305600,False
5101,1305856,False
5102,1306112,False
5103,1306368,False
5104,1306624,False
5105,1306880,False
5106,1307136,False
5107,1307392,False
5108,1307648,False
5109,1307904,False
5110,1308160,False
5111,1308416,False
5112,1308672,False
5113,1308928,False
5114,1309184,False
5115,1309440,False
5116,1309696,False
5117,1309952,False
5118,1310208,False
5119,1310464,False
5120,1310720,False
5121,1310976,False
5122,1311232,False
5123,1311488,False
5124,1311744,False
5125,1312000,False
5126,1312256,False
5127,1312512,False
5128,1312768,False
5129,1313024,False
5130,1313280,False
5131,1313536,False
5132,1313792,False
5133,1314048,False
5134,1314304,False
5135,1314560,False
5136,1314816,False
5137,1315072,False
5138,1315328,False
5139,1315584,False
5140,1315840,False
5141,1316096,False
5142,1316352,False
5143,1316608,False
5144,1316864,False
5145,1317120,False
5146,1317376,False
5147,1317632,False
5148,1317888,False
5149,1318144,False
5150,1318400,False
5151,1318656,False
5152,1318912,False
5153,1319168,False
5154,1319424,False
5155,1319680,False
5156,1319936,False
5157,1320192,False
5158,1320448,False
5159,1320704,False
5160,1320960,False
5161,1321216,False
5162,1321472,False
5163,1321728,False
5164,1321984,False
5165,1322240,False
5166,1322496,False
5167,1322752,False
5168,1323008,False
5169,1323264,False
5170,1323520,False
5171,1323776,False
5172,1324032,False
5173,1324288,False
5174,1324544,False
5175,1324800,False
5176,1325056,False
5177,1325312,False
5178,1325568,False
5179,1325824,False
5180,1326080,False
5181,1326336,False
5182,1326592,False
5183,1326848,False
5184,1327104,False
5185,1327360,False
5186,1327616,False
5187,1327872,False
5188,1328128,False
5189,1328384,False
5190,1328640,False
5191,1328896,False
5192,1329152,False
5193,1329408,False
5194,1329664,False
5195,1329920,False
5196,1330176,False
5197,1330432,False
5198,1330688,False
5199,1330944,False
5200,1331200,False
5201,1331456,False
5202,1331712,False
5203,1331968,False
5204,1332224,False
5205,1332480,False
5206,1332736,False
5207,1332992,False
5208,1333248,False
5209,1333504,False
5210,1333760,False
5211,1334016,False
5212,1334272,False
5213,1334528,False
5214,1334784,False
5215,1335040,False
5216,1335296,False
5217,1335552,False
5218,1335808,False
5219,1336064,False
5220,1336320,False
5221,1336576,False
5222,1336832,False
5223,1337088,False
5224,1337344,False
5225,1337600,False
5226,1337856,False
5227,1338112,False
5228,1338368,False
5229,1338624,False
5230,1338880,False
5231,1339136,False
5232,1339392,False
5233,1339648,False
5234,1339904,False
5235,1340160,False
5236,1340416,False
5237,1340672,False
5238,1340928,False
5239,1341184,False
5240,1341440,False
5241,1341696,False
5242,1341952,False
5243,1342208,False
5244,1342464,False
5245,1342720,False
5246,1342976,False
5247,1343232,False
5248,1343488,False
5249,1343744,False
5250,1344000,False
5251,1344256,False
